Domain,Expected Mailboxes,Purchase Type,Reason
ozmentmediaonline.com,3,TRANSFER,Domain not found in database
boringbookkeepingpros.com,1,TRANSFER,Domain not found in database
ozmentmediatx.com,3,TRANSFER,Domain not found in database
ozmentmediadigital.com,3,TRANSFER,Domain not found in database
boringbookkeepingonline.com,3,TRANSFER,Domain not found in database
boringbookkeepinghub.com,3,TRANSFER,Domain not found in database
americalifewealthltd.com,3,TRANSFER,Domain not found in database
infinitimetrixincs.com,3,TRANSFER,Domain not found in database
koppaanalyticsinc.com,0,TRANSFER,Domain not found in database
americalifewealthincs.com,3,TRANSFER,Domain not found in database
boringbookkeepingpro.com,3,TRANSFER,Domain not found in database
ozmentmediainfo.com,1,TRANSFER,Domain not found in database
infinitimetrixltd.com,3,TRANSFER,Domain not found in database
injuriapro.com,3,TRANSFER,Domain not found in database
injuriateam.com,3,TRANSFER,Domain not found in database
injurialtd.com,3,TRANSFER,Domain not found in database
injuriainc.com,3,TRANSFER,Domain not found in database
injuriaco.com,3,TRANSFER,Domain not found in database
injuriallc.com,3,TRANSFER,Domain not found in database
koppaanalyticspros.com,3,TRANSFER,Domain not found in database
koppaanalyticsincs.com,0,TRANSFER,Domain not found in database
americalifewealthltds.com,3,TRANSFER,Domain not found in database
injuriausa.com,3,TRANSFER,Domain not found in database
infinitimetrixltds.com,3,TRANSFER,Domain not found in database