Domain,Assigned Mailboxes Count,Purchase Type
schmitzagencyriskmgmt.com,3,TRANSFER
schmitzagencyinsurancepros.com,3,TRANSFER
kimwallacepolicyhelp.com,2,TRANSFER
tyschraufagencyservices.com,3,TRANSFER
streetsmartplans.com,2,TRANSFER
tyschraufagencycorp.com,3,TRANSFER
kimwallacellc.com,2,TRANSFER
therossmanmediapro.com,3,TRANSFER
kimwallaceinsurancesolutions.com,2,TRANSFER
agentfarmersltd.com,3,TRANSFER
therossmanmediaportal.com,3,TRANSFER
tyschraufagencyusa.com,3,TRANSFER
agentfarmersservices.com,0,TRANSFER
castleagencyteams.com,3,TRANSFER
ozmentmediaonline.com,3,TRANSFER
agentfarmershelp.com,3,TRANSFER
agentfarmersinc.com,0,TRANSFER
thedevinagencypro.com,3,TRANSFER
boringbookkeepingpros.com,1,TRANSFER
devinagencyconnect.com,3,TRANSFER
devinagencysupport.com,3,TRANSFER
nicksakhaplan.com,3,TRANSFER
nicksakhainsure.com,3,TRANSFER
nicksakhaus.com,3,TRANSFER
nicksakhariskservices.com,3,TRANSFER
nicksakharisk.com,3,TRANSFER
ozmentmediatx.com,3,TRANSFER
schmitzagencyshield.com,3,TRANSFER
nicksakhariskpartners.com,3,TRANSFER
nicksakhaservicesco.com,0,TRANSFER
nicksakhaservicesllc.com,3,TRANSFER
nicksakhasolutionsamerica.com,3,TRANSFER
nicksakhaprotectionsolutions.com,3,TRANSFER
therossmanmediapartners.com,3,TRANSFER
rossmanmediaaisolutions.com,3,TRANSFER
rossmanmediacase.com,3,TRANSFER
rossmanmediadevelopment.com,3,TRANSFER
nicksakhariskinc.com,3,TRANSFER
kimwallacelocal.com,2,TRANSFER
schmitzagencypolicy.com,3,TRANSFER
rossmanmediaautomation.com,3,TRANSFER
schmitzagencyquotes.com,3,TRANSFER
ozmentmediadigital.com,3,TRANSFER
thedevinagencyinfo.com,3,TRANSFER
agentfarmersnetworks.com,3,TRANSFER
boringbookkeepingonline.com,3,TRANSFER
nicksakhaprotectioninc.com,3,TRANSFER
kimwallaceplan.com,2,TRANSFER
therossmanmediasolution.com,3,TRANSFER
nicksakhainsuranceusa.com,3,TRANSFER
schmitzagencytrust.com,3,TRANSFER
agentfarmersltds.com,3,TRANSFER
schmitzagencytoday.com,3,TRANSFER
boringbookkeepinghub.com,3,TRANSFER
thedevinagencysupport.com,3,TRANSFER
nicksakhallc.com,3,TRANSFER
nicksakhaprotectionusa.com,3,TRANSFER
rossmanmediaconsultants.com,3,TRANSFER
rossmanmediawebdesign.com,3,TRANSFER
thedevinagencyservices.com,0,TRANSFER
thedevinagencyworks.com,3,TRANSFER
nicksakhanationwide.com,3,TRANSFER
nicksakhasolutionsco.com,3,TRANSFER
thedevinagencyonline.com,0,TRANSFER
nicksakhapartnerscorp.com,3,TRANSFER
therossmanmediaexpert.com,3,TRANSFER
nicksakhaltds.com,3,TRANSFER
agentfarmerssupport.com,3,TRANSFER
agentfarmersteams.com,3,TRANSFER
americalifewealthltd.com,3,TRANSFER
infinitimetrixincs.com,3,TRANSFER
schmitzagencyrisk.com,3,TRANSFER
nicksakhaprotection.com,3,TRANSFER
nicksakhaservicesamerica.com,3,TRANSFER
koppaanalyticsinc.com,0,TRANSFER
nicksakhariskco.com,0,TRANSFER
nicksakhapartnersamerica.com,3,TRANSFER
leblancinsuranceagencyinc.com,3,TRANSFER
leblancinsuranceagencysolutions.com,3,TRANSFER
leblancinsuranceagencyusa.com,3,TRANSFER
leblancinsuranceagencyhealth.com,3,TRANSFER
leblancinsuranceagencypro.com,3,TRANSFER
kimwallaceintexas.com,2,TRANSFER
kimwallace-policyplans.com,2,TRANSFER
rossmanmediaservice.com,3,TRANSFER
therossmanmediamarketing.com,3,TRANSFER
thedevinagencyinsure.com,3,TRANSFER
nicksakhapartnersltd.com,3,TRANSFER
nicksakhasolutionsglobal.com,0,TRANSFER
therossmanmediahub.com,3,TRANSFER
greggblanchardagencyfocus.com,3,TRANSFER
nicksakhaltd.com,3,TRANSFER
thedevinagencypros.com,3,TRANSFER
nicksakhainsuranceworks.com,3,TRANSFER
nicksakhaprotectionco.com,3,TRANSFER
rossmanmediaexperts.com,3,TRANSFER
streetsmartprotect.com,2,TRANSFER
nicksakhaprotectiongroup.com,3,TRANSFER
rossmanmediaplan.com,3,TRANSFER
nicksakharisksolutions.com,3,TRANSFER
rossmanmediaai.com,3,TRANSFER
americalifewealthincs.com,3,TRANSFER
nicksakhaprotectionpros.com,3,TRANSFER
leblancinsuranceagencyinsurance.com,3,TRANSFER
devinagencyteams.com,0,TRANSFER
leblancinsuranceagencygroup.com,3,TRANSFER
nicksakhaprotectionamerica.com,3,TRANSFER
greggblanchardagencygroupinc.com,3,TRANSFER
boringbookkeepingpro.com,3,TRANSFER
nicksakhaservicesusa.com,0,TRANSFER
nicksakhaprotectioncorp.com,3,TRANSFER
nicksakhaservicesglobal.com,3,TRANSFER
agentfarmerscorp.com,3,TRANSFER
agentfarmersteam.com,3,TRANSFER
nicksakhapartnersglobal.com,3,TRANSFER
greggblanchardagencyclientservices.com,3,TRANSFER
ozmentmediainfo.com,1,TRANSFER
nicksakhallcs.com,3,TRANSFER
therossmanmediaconsulting.com,3,TRANSFER
tyschraufagencyteams.com,3,TRANSFER
devinagencyinsure.com,3,TRANSFER
nicksakhasolutionsusa.com,3,TRANSFER
castleagencyusa.com,3,TRANSFER
rossmanmediacontentcreation.com,3,TRANSFER
greggblanchardagencyhelp.com,3,TRANSFER
therossmanmedialabs.com,3,TRANSFER
nicksakhaprotectionltd.com,3,TRANSFER
thedevinagencyteam.com,3,TRANSFER
nicksakhainsurepros.com,3,TRANSFER
rossmanmediastories.com,3,TRANSFER
kimwallaceinsurancetexas.com,2,TRANSFER
schmitzagencyinsurancepro.com,3,TRANSFER
nicksakhasolutionsltd.com,3,TRANSFER
agentfarmersllc.com,3,TRANSFER
devinagencysocial.com,3,TRANSFER
streetsmartsecure.com,2,TRANSFER
greggblanchardagencycoveragemax.com,3,TRANSFER
nicksakhasolutions.com,3,TRANSFER
greggblanchardagencyinsured.com,3,TRANSFER
rossmanmediafunnel.com,3,TRANSFER
therossmanmediaexperts.com,3,TRANSFER
toprossmanmedia.com,3,TRANSFER
streetsmartriskpro.com,2,TRANSFER
kimwallaceinsurance.com,2,TRANSFER
greggblanchardagencyinsuranceconnect.com,3,TRANSFER
schmitzagencypros.com,3,TRANSFER
kimwallaceinsured.com,2,TRANSFER
schmitzagencyquotehub.com,3,TRANSFER
schmitzagencyllc.com,3,TRANSFER
schmitzagencyinsurancesolutions.com,3,TRANSFER
schmitzagencyllcs.com,3,TRANSFER
schmitzagencyonline.com,3,TRANSFER
schmitzagencyplus.com,3,TRANSFER
schmitzagencyportal.com,3,TRANSFER
schmitzagencytruck.com,3,TRANSFER
thedevinagencyinsurance.com,3,TRANSFER
schmitzagencyplanhub.com,3,TRANSFER
nicksakhariskltd.com,3,TRANSFER
schmitzagencylife.com,3,TRANSFER
schmitzagencyservices.com,3,TRANSFER
schmitzagencyplansusa.com,3,TRANSFER
schmitzagencyltds.com,3,TRANSFER
schmitzagencyinsuranceusa.com,3,TRANSFER
schmitzagencyprime.com,3,TRANSFER
greggblanchardagencyriskmanagement.com,3,TRANSFER
greggblanchardagencyenterprise.com,3,TRANSFER
greggblanchardagencyguard.com,3,TRANSFER
greggblanchardagencyfastquote.com,3,TRANSFER
greggblanchardagencyinsurance.com,3,TRANSFER
greggblanchardagencyhealth.com,3,TRANSFER
greggblanchardagencydeals.com,3,TRANSFER
greggblanchardagencycoveragehub.com,3,TRANSFER
greggblanchardagencyinsurancecenter.com,3,TRANSFER
greggblanchardagencydiscount.com,3,TRANSFER
therossmanmedianetwork.com,3,TRANSFER
schmitzagencyquotespro.com,3,TRANSFER
schmitzagencymax.com,3,TRANSFER
nicksakhariskcorp.com,0,TRANSFER
schmitzagencyprosusa.com,3,TRANSFER
therossmanmediacorporate.com,3,TRANSFER
agentfarmers.com,3,TRANSFER
schmitzagencyinsuranceinc.com,3,TRANSFER
schmitzagencyltd.com,3,TRANSFER
castleagencyteam.com,3,TRANSFER
schmitzagencyinsuranceonline.com,3,TRANSFER
schmitzagencyselect.com,3,TRANSFER
thedevinagencyconnect.com,3,TRANSFER
nicksakhapartnersinc.com,3,TRANSFER
therossmanmediaservices.com,3,TRANSFER
streetsmartquote.com,2,TRANSFER
streetsmartpolicy.com,2,TRANSFER
greggblanchardagencycomplete.com,3,TRANSFER
agentfarmersnetwork.com,3,TRANSFER
schmitzagencyinsurancellc.com,3,TRANSFER
greggblanchardagencyins.com,3,TRANSFER
thestreetsmartinsurance.com,2,TRANSFER
schmitzagencypro.com,3,TRANSFER
tyschraufagencyteam.com,3,TRANSFER
schmitzagencyinsuranceonlineusa.com,3,TRANSFER
thedevinagencycorp.com,0,TRANSFER
nicksakhasolutionsinc.com,3,TRANSFER
rossmanmediavisuals.com,3,TRANSFER
schmitzagencyinsurancestore.com,3,TRANSFER
agentfarmersco.com,3,TRANSFER
greggblanchardagencyclientcenter.com,3,TRANSFER
schmitzagencyteam.com,3,TRANSFER
greggblanchardagencyclientcare.com,3,TRANSFER
greggblanchardagencyguide.com,3,TRANSFER
greggblanchardagencyhq.com,3,TRANSFER
agentfarmersexpert.com,3,TRANSFER
greggblanchardagencyinsurancegroup.com,3,TRANSFER
schmitzagencyusa.com,3,TRANSFER
greggblanchardagencyenterprises.com,3,TRANSFER
schmitzagencynow.com,3,TRANSFER
kimwallace-policy.com,2,TRANSFER
schmitzagencyteamusa.com,3,TRANSFER
nicksakhaservicescorp.com,3,TRANSFER
nicksakhasolutionscorp.com,0,TRANSFER
thedevinagencyco.com,3,TRANSFER
schmitzagencyquotesonline.com,3,TRANSFER
nicksakhasolutionsllc.com,3,TRANSFER
schmitzagencyone.com,3,TRANSFER
schmitzagencyinsuranceservices.com,3,TRANSFER
nicksakhaservicesltd.com,3,TRANSFER
greggblanchardagencyhome.com,3,TRANSFER
nicksakhainsurancesolutions.com,3,TRANSFER
therossmanmediasolutions.com,3,TRANSFER
infinitimetrixltd.com,3,TRANSFER
prorossmanmedia.com,3,TRANSFER
streetsmartshield.com,2,TRANSFER
schmitzagencyprotection.com,3,TRANSFER
greggblanchardagencyinc.com,3,TRANSFER
leblancinsuranceagencyinsure.com,3,TRANSFER
devinagencywork.com,0,TRANSFER
schmitzagencyinsuranceplus.com,3,TRANSFER
nicksakhaservicesinc.com,3,TRANSFER
nicksakhariskpros.com,3,TRANSFER
schmitzagencysolutions.com,3,TRANSFER
kimwallacepolicyreview.com,2,TRANSFER
rossmanmediabuy.com,3,TRANSFER
schmitzagencywealth.com,3,TRANSFER
schmitzagencyinsuranceworks.com,3,TRANSFER
nicksakhapartners.com,3,TRANSFER
injuriapro.com,3,TRANSFER
agentfarmerspro.com,3,TRANSFER
nicksakhaservices.com,0,TRANSFER
nicksakhapartnersco.com,3,TRANSFER
nicksakhaprotectionservices.com,3,TRANSFER
agentfarmersusa.com,3,TRANSFER
devinagencyteam.com,3,TRANSFER
schmitzagencyteampro.com,3,TRANSFER
greggblanchardagencyincs.com,3,TRANSFER
schmitzagencypartners.com,3,TRANSFER
thedevinagencyusa.com,3,TRANSFER
greggblanchardagencycoverageusa.com,3,TRANSFER
schmitzagencyinsurancerisk.com,3,TRANSFER
greggblanchardagencyessential.com,3,TRANSFER
agentfarmersincs.com,3,TRANSFER
castleagencyco.com,3,TRANSFER
schmitzagencyplanpro.com,3,TRANSFER
devinagencycapital.com,3,TRANSFER
injuriateam.com,3,TRANSFER
schmitzagencyquotenow.com,3,TRANSFER
kimwallaceprotection.com,2,TRANSFER
injurialtd.com,3,TRANSFER
injuriainc.com,3,TRANSFER
schmitzagencysolutionsusa.com,3,TRANSFER
leblancinsuranceagencyplus.com,3,TRANSFER
castleagencypros.com,3,TRANSFER
streetsmartpolicypro.com,2,TRANSFER
schmitzagencyquotesfast.com,3,TRANSFER
therossmanmediaservice.com,3,TRANSFER
streetsmartpremium.com,2,TRANSFER
devinagencyplus.com,3,TRANSFER
greggblanchardagencyclientportal.com,3,TRANSFER
greggblanchardagencyinsuranceglobal.com,3,TRANSFER
greggblanchardagencycommunity.com,3,TRANSFER
injuriaco.com,3,TRANSFER
schmitzagencyinsuranceltd.com,3,TRANSFER
schmitzagencyplanstore.com,3,TRANSFER
injuriallc.com,3,TRANSFER
koppaanalyticspros.com,3,TRANSFER
greggblanchardagencyriskadvisors.com,3,TRANSFER
nicksakhariskamerica.com,0,TRANSFER
schmitzagencyinsurancehub.com,3,TRANSFER
rossmanmediacorporate.com,3,TRANSFER
nicksakhaprotectionllc.com,0,TRANSFER
greggblanchardagencyassurance.com,3,TRANSFER
therossmanmediagroup.com,3,TRANSFER
greggblanchardagencyinsurancecorp.com,3,TRANSFER
greggblanchardagencyelitepro.com,3,TRANSFER
greggblanchardagencyexpertsglobal.com,3,TRANSFER
greggblanchardagencyinsuranceco.com,3,TRANSFER
nicksakhasupport.com,0,TRANSFER
greggblanchardagencyriskadvisor.com,3,TRANSFER
therossmanmedialab.com,3,TRANSFER
agentfarmershub.com,3,TRANSFER
koppaanalyticsincs.com,0,TRANSFER
rossmanmediawebsupport.com,3,TRANSFER
greggblanchardagencyinsurancedeals.com,3,TRANSFER
schmitzagencyinsurancenow.com,3,TRANSFER
schmitzagencyinsuranceplans.com,3,TRANSFER
greggblanchardagencyeasy.com,3,TRANSFER
greggblanchardagencyfusion.com,3,TRANSFER
greggblanchardagencyexpress.com,3,TRANSFER
agentfarmerspros.com,3,TRANSFER
nicksakhapros.com,3,TRANSFER
schmitzagencyshop.com,3,TRANSFER
greggblanchardagencyinsuranceamerica.com,3,TRANSFER
greggblanchardagencycoverageteam.com,3,TRANSFER
schmitzagencysecure.com,3,TRANSFER
schmitzagencyplans.com,3,TRANSFER
agentfarmersllcs.com,3,TRANSFER
agentfarmersinfo.com,3,TRANSFER
greggblanchardagencyinsure.com,3,TRANSFER
greggblanchardagencyfast.com,3,TRANSFER
greggblanchardagencyrisk.com,3,TRANSFER
schmitzagencytotal.com,3,TRANSFER
schmitzagencyworks.com,3,TRANSFER
nicksakhariskglobal.com,0,TRANSFER
nicksakhariskllc.com,3,TRANSFER
kimwallacepersonalquote.com,2,TRANSFER
greggblanchardagencyfirst.com,3,TRANSFER
nicksakhapartnersllc.com,3,TRANSFER
nicksakhapartnersusa.com,0,TRANSFER
americalifewealthltds.com,3,TRANSFER
injuriausa.com,3,TRANSFER
leblancinsuranceagencyhome.com,3,TRANSFER
infinitimetrixltds.com,3,TRANSFER
schmitzagencyinsuranceportal.com,3,TRANSFER
schmitzagencyplanonline.com,3,TRANSFER
nicksakhaprotectionpartners.com,3,TRANSFER
nicksakhariskgroup.com,3,TRANSFER
