Domain,Mailbox Count,Status,Reason
rossmanmediacontentcreation.com,2,NOT_FOUND,All mailboxes have < 50 emails sent (insufficient data)
rossmanmediaplan.com,3,NOT_FOUND,All mailboxes have < 50 emails sent (insufficient data)
rossmanmediaexperts.com,3,NOT_FOUND,All mailboxes have < 50 emails sent (insufficient data)
rossmanmediaai.com,3,NOT_FOUND,All mailboxes have < 50 emails sent (insufficient data)
therossmanmediaservices.com,3,NOT_FOUND,All mailboxes have < 50 emails sent (insufficient data)
therossmanmedialab.com,2,NOT_FOUND,All mailboxes have < 50 emails sent (insufficient data)
rossmanmediaconsultants.com,3,NOT_FOUND,All mailboxes have < 50 emails sent (insufficient data)
rossmanmediacorporate.com,3,NOT_FOUND,All mailboxes have < 50 emails sent (insufficient data)
therossmanmediaportal.com,3,NOT_FOUND,All mailboxes have < 50 emails sent (insufficient data)
therossmanmediasolution.com,3,NOT_FOUND,All mailboxes have < 50 emails sent (insufficient data)
therossmanmediagroup.com,3,NOT_FOUND,All mailboxes have < 50 emails sent (insufficient data)
prorossmanmedia.com,3,NOT_FOUND,All mailboxes have < 50 emails sent (insufficient data)
rossmanmediabuy.com,3,NOT_FOUND,All mailboxes have < 50 emails sent (insufficient data)
therossmanmediapro.com,3,NOT_FOUND,All mailboxes have < 50 emails sent (insufficient data)
rossmanmediadevelopment.com,3,NOT_FOUND,All mailboxes have < 50 emails sent (insufficient data)
rossmanmediacase.com,3,NOT_FOUND,All mailboxes have < 50 emails sent (insufficient data)
rossmanmediaaisolutions.com,3,NOT_FOUND,All mailboxes have < 50 emails sent (insufficient data)
toprossmanmedia.com,3,NOT_FOUND,All mailboxes have < 50 emails sent (insufficient data)
therossmanmedianetwork.com,3,NOT_FOUND,All mailboxes have < 50 emails sent (insufficient data)
therossmanmediaservice.com,2,NOT_FOUND,All mailboxes have < 50 emails sent (insufficient data)
rossmanmediafunnel.com,3,NOT_FOUND,All mailboxes have < 50 emails sent (insufficient data)
therossmanmediaexpert.com,3,NOT_FOUND,All mailboxes have < 50 emails sent (insufficient data)
therossmanmediamarketing.com,3,NOT_FOUND,All mailboxes have < 50 emails sent (insufficient data)
therossmanmedialabs.com,3,NOT_FOUND,All mailboxes have < 50 emails sent (insufficient data)
therossmanmediaconsulting.com,3,NOT_FOUND,All mailboxes have < 50 emails sent (insufficient data)
rossmanmediaautomation.com,3,NOT_FOUND,All mailboxes have < 50 emails sent (insufficient data)
therossmanmediahub.com,3,NOT_FOUND,All mailboxes have < 50 emails sent (insufficient data)
therossmanmediacorporate.com,3,NOT_FOUND,All mailboxes have < 50 emails sent (insufficient data)
therossmanmediaexperts.com,3,NOT_FOUND,All mailboxes have < 50 emails sent (insufficient data)
therossmanmediasolutions.com,2,NOT_FOUND,All mailboxes have < 50 emails sent (insufficient data)
therossmanmediapartners.com,3,NOT_FOUND,All mailboxes have < 50 emails sent (insufficient data)