Zipcode,Territory,Color
89001,Nick Sakha,#000000
89002,Nick Sakha,#000000
89005,Nick Sakha,#000000
89006,Nick Sakha,#000000
89007,Nick Sakha,#000000
89009,Nick Sakha,#000000
89010,Nick Sakha,#000000
89011,Nick Sakha,#000000
89012,Nick Sakha,#000000
89013,Nick Sakha,#000000
89014,Nick Sakha,#000000
89015,Nick Sakha,#000000
89016,Nick Sakha,#000000
89017,Nick Sakha,#000000
89018,Nick Sakha,#000000
89019,Nick Sakha,#000000
89022,Nick Sakha,#000000
89025,Nick Sakha,#000000
89026,Nick Sakha,#000000
89027,Nick Sakha,#000000
89029,Nick Sakha,#000000
89030,Nick Sakha,#000000
89031,Nick Sakha,#000000
89032,Nick Sakha,#000000
89033,Nick Sakha,#000000
89036,Nick Sakha,#000000
89037,Nick Sakha,#000000
89042,Nick Sakha,#000000
89044,Nick Sakha,#000000
89045,Nick Sakha,#000000
89046,Nick Sakha,#000000
89047,Nick Sakha,#000000
89052,Nick Sakha,#000000
89053,Nick Sakha,#000000
89054,Nick Sakha,#000000
89067,Nick Sakha,#000000
89070,Nick Sakha,#000000
89074,Nick Sakha,#000000
89077,Nick Sakha,#000000
89081,Nick Sakha,#000000
89082,Nick Sakha,#000000
89083,Nick Sakha,#000000
89084,Nick Sakha,#000000
89085,Nick Sakha,#000000
89086,Nick Sakha,#000000
89087,Nick Sakha,#000000
89101,Nick Sakha,#000000
89102,Nick Sakha,#000000
89103,Nick Sakha,#000000
89104,Nick Sakha,#000000
89105,Nick Sakha,#000000
89106,Nick Sakha,#000000
89107,Nick Sakha,#000000
89108,Nick Sakha,#000000
89109,Nick Sakha,#000000
89110,Nick Sakha,#000000
89111,Nick Sakha,#000000
89112,Nick Sakha,#000000
89113,Nick Sakha,#000000
89114,Nick Sakha,#000000
89115,Nick Sakha,#000000
89116,Nick Sakha,#000000
89117,Nick Sakha,#000000
89118,Nick Sakha,#000000
89119,Nick Sakha,#000000
89120,Nick Sakha,#000000
89121,Nick Sakha,#000000
89122,Nick Sakha,#000000
89123,Nick Sakha,#000000
89124,Nick Sakha,#000000
89125,Nick Sakha,#000000
89126,Nick Sakha,#000000
89127,Nick Sakha,#000000
89128,Nick Sakha,#000000
89129,Nick Sakha,#000000
89130,Nick Sakha,#000000
89131,Nick Sakha,#000000
89132,Nick Sakha,#000000
89133,Nick Sakha,#000000
89134,Nick Sakha,#000000
89135,Nick Sakha,#000000
89136,Nick Sakha,#000000
89137,Nick Sakha,#000000
89138,Nick Sakha,#000000
89139,Nick Sakha,#000000
89140,Nick Sakha,#000000
89141,Nick Sakha,#000000
89142,Nick Sakha,#000000
89143,Nick Sakha,#000000
89144,Nick Sakha,#000000
89145,Nick Sakha,#000000
89146,Nick Sakha,#000000
89147,Nick Sakha,#000000
89148,Nick Sakha,#000000
89149,Nick Sakha,#000000
89150,Nick Sakha,#000000
89151,Nick Sakha,#000000
89152,Nick Sakha,#000000
89153,Nick Sakha,#000000
89154,Nick Sakha,#000000
89155,Nick Sakha,#000000
89156,Nick Sakha,#000000
89158,Nick Sakha,#000000
89159,Nick Sakha,#000000
89160,Nick Sakha,#000000
89161,Nick Sakha,#000000
89162,Nick Sakha,#000000
89163,Nick Sakha,#000000
89164,Nick Sakha,#000000
89165,Nick Sakha,#000000
89166,Nick Sakha,#000000
89169,Nick Sakha,#000000
89170,Nick Sakha,#000000
89173,Nick Sakha,#000000
89177,Nick Sakha,#000000
89178,Nick Sakha,#000000
89179,Nick Sakha,#000000
89180,Nick Sakha,#000000
89183,Nick Sakha,#000000
89185,Nick Sakha,#000000
89191,Nick Sakha,#000000
89301,Nick Sakha,#000000
89310,Nick Sakha,#000000
89316,Nick Sakha,#000000
89318,Nick Sakha,#000000
89402,Nick Sakha,#000000
89403,Nick Sakha,#000000
89404,Nick Sakha,#000000
89406,Nick Sakha,#000000
89407,Nick Sakha,#000000
89408,Nick Sakha,#000000
89409,Nick Sakha,#000000
89410,Nick Sakha,#000000
89411,Nick Sakha,#000000
89412,Nick Sakha,#000000
89413,Nick Sakha,#000000
89414,Nick Sakha,#000000
89415,Nick Sakha,#000000
89418,Nick Sakha,#000000
89419,Nick Sakha,#000000
89420,Nick Sakha,#000000
89421,Nick Sakha,#000000
89422,Nick Sakha,#000000
89423,Nick Sakha,#000000
89424,Nick Sakha,#000000
89425,Nick Sakha,#000000
89427,Nick Sakha,#000000
89428,Nick Sakha,#000000
89429,Nick Sakha,#000000
89430,Nick Sakha,#000000
89431,Nick Sakha,#000000
89432,Nick Sakha,#000000
89433,Nick Sakha,#000000
89434,Nick Sakha,#000000
89435,Nick Sakha,#000000
89436,Nick Sakha,#000000
89438,Nick Sakha,#000000
89439,Nick Sakha,#000000
89440,Nick Sakha,#000000
89441,Nick Sakha,#000000
89442,Nick Sakha,#000000
89444,Nick Sakha,#000000
89447,Nick Sakha,#000000
89448,Nick Sakha,#000000
89449,Nick Sakha,#000000
89450,Nick Sakha,#000000
89451,Nick Sakha,#000000
89460,Nick Sakha,#000000
89464,Nick Sakha,#000000
89485,Nick Sakha,#000000
89496,Nick Sakha,#000000
89498,Nick Sakha,#000000
89501,Nick Sakha,#000000
89502,Nick Sakha,#000000
89503,Nick Sakha,#000000
89504,Nick Sakha,#000000
89505,Nick Sakha,#000000
89506,Nick Sakha,#000000
89507,Nick Sakha,#000000
89508,Nick Sakha,#000000
89509,Nick Sakha,#000000
89510,Nick Sakha,#000000
89511,Nick Sakha,#000000
89512,Nick Sakha,#000000
89513,Nick Sakha,#000000
89515,Nick Sakha,#000000
89519,Nick Sakha,#000000
89520,Nick Sakha,#000000
89521,Nick Sakha,#000000
89523,Nick Sakha,#000000
89533,Nick Sakha,#000000
89557,Nick Sakha,#000000
89570,Nick Sakha,#000000
89701,Nick Sakha,#000000
89702,Nick Sakha,#000000
89703,Nick Sakha,#000000
89704,Nick Sakha,#000000
89705,Nick Sakha,#000000
89706,Nick Sakha,#000000
89707,Nick Sakha,#000000
89711,Nick Sakha,#000000
89712,Nick Sakha,#000000
89713,Nick Sakha,#000000
89714,Nick Sakha,#000000
89715,Nick Sakha,#000000
89716,Nick Sakha,#000000
89717,Nick Sakha,#000000
89719,Nick Sakha,#000000
89720,Nick Sakha,#000000
89721,Nick Sakha,#000000
89722,Nick Sakha,#000000
89725,Nick Sakha,#000000
89726,Nick Sakha,#000000
97002,Nick Sakha,#000000
97005,Nick Sakha,#000000
97006,Nick Sakha,#000000
97007,Nick Sakha,#000000
97008,Nick Sakha,#000000
97009,Nick Sakha,#000000
97013,Nick Sakha,#000000
97015,Nick Sakha,#000000
97017,Nick Sakha,#000000
97026,Nick Sakha,#000000
97027,Nick Sakha,#000000
97030,Nick Sakha,#000000
97031,Nick Sakha,#000000
97034,Nick Sakha,#000000
97035,Nick Sakha,#000000
97038,Nick Sakha,#000000
97045,Nick Sakha,#000000
97048,Nick Sakha,#000000
97051,Nick Sakha,#000000
97053,Nick Sakha,#000000
97055,Nick Sakha,#000000
97060,Nick Sakha,#000000
97062,Nick Sakha,#000000
97068,Nick Sakha,#000000
97070,Nick Sakha,#000000
97071,Nick Sakha,#000000
97080,Nick Sakha,#000000
97086,Nick Sakha,#000000
97089,Nick Sakha,#000000
97103,Nick Sakha,#000000
97106,Nick Sakha,#000000
97108,Nick Sakha,#000000
97111,Nick Sakha,#000000
97113,Nick Sakha,#000000
97114,Nick Sakha,#000000
97115,Nick Sakha,#000000
97116,Nick Sakha,#000000
97123,Nick Sakha,#000000
97124,Nick Sakha,#000000
97128,Nick Sakha,#000000
97132,Nick Sakha,#000000
97133,Nick Sakha,#000000
97136,Nick Sakha,#000000
97137,Nick Sakha,#000000
97138,Nick Sakha,#000000
97140,Nick Sakha,#000000
97141,Nick Sakha,#000000
97146,Nick Sakha,#000000
97201,Nick Sakha,#000000
97202,Nick Sakha,#000000
97203,Nick Sakha,#000000
97204,Nick Sakha,#000000
97205,Nick Sakha,#000000
97206,Nick Sakha,#000000
97209,Nick Sakha,#000000
97210,Nick Sakha,#000000
97211,Nick Sakha,#000000
97212,Nick Sakha,#000000
97213,Nick Sakha,#000000
97214,Nick Sakha,#000000
97215,Nick Sakha,#000000
97216,Nick Sakha,#000000
97217,Nick Sakha,#000000
97218,Nick Sakha,#000000
97219,Nick Sakha,#000000
97220,Nick Sakha,#000000
97221,Nick Sakha,#000000
97222,Nick Sakha,#000000
97223,Nick Sakha,#000000
97224,Nick Sakha,#000000
97225,Nick Sakha,#000000
97227,Nick Sakha,#000000
97229,Nick Sakha,#000000
97230,Nick Sakha,#000000
97231,Nick Sakha,#000000
97232,Nick Sakha,#000000
97233,Nick Sakha,#000000
97236,Nick Sakha,#000000
97239,Nick Sakha,#000000
97266,Nick Sakha,#000000
97267,Nick Sakha,#000000
97301,Nick Sakha,#000000
97302,Nick Sakha,#000000
97303,Nick Sakha,#000000
97304,Nick Sakha,#000000
97305,Nick Sakha,#000000
97306,Nick Sakha,#000000
97317,Nick Sakha,#000000
97325,Nick Sakha,#000000
97330,Nick Sakha,#000000
97331,Nick Sakha,#000000
97333,Nick Sakha,#000000
97338,Nick Sakha,#000000
97351,Nick Sakha,#000000
97355,Nick Sakha,#000000
97362,Nick Sakha,#000000
97365,Nick Sakha,#000000
97367,Nick Sakha,#000000
97368,Nick Sakha,#000000
97378,Nick Sakha,#000000
97380,Nick Sakha,#000000
97381,Nick Sakha,#000000
97383,Nick Sakha,#000000
97389,Nick Sakha,#000000
97391,Nick Sakha,#000000
97396,Nick Sakha,#000000
97401,Nick Sakha,#000000
97402,Nick Sakha,#000000
97403,Nick Sakha,#000000
97404,Nick Sakha,#000000
97405,Nick Sakha,#000000
97408,Nick Sakha,#000000
97415,Nick Sakha,#000000
97420,Nick Sakha,#000000
97439,Nick Sakha,#000000
97446,Nick Sakha,#000000
97448,Nick Sakha,#000000
97449,Nick Sakha,#000000
97456,Nick Sakha,#000000
97463,Nick Sakha,#000000
97470,Nick Sakha,#000000
97477,Nick Sakha,#000000
97478,Nick Sakha,#000000
97487,Nick Sakha,#000000
97501,Nick Sakha,#000000
97502,Nick Sakha,#000000
97504,Nick Sakha,#000000
97526,Nick Sakha,#000000
97527,Nick Sakha,#000000
97534,Nick Sakha,#000000
97536,Nick Sakha,#000000
97537,Nick Sakha,#000000
97603,Nick Sakha,#000000
97624,Nick Sakha,#000000
97739,Nick Sakha,#000000
97741,Nick Sakha,#000000
97754,Nick Sakha,#000000
97756,Nick Sakha,#000000
97759,Nick Sakha,#000000
97761,Nick Sakha,#000000
97801,Nick Sakha,#000000
97838,Nick Sakha,#000000
97844,Nick Sakha,#000000
97862,Nick Sakha,#000000
97882,Nick Sakha,#000000
97914,Nick Sakha,#000000
97918,Nick Sakha,#000000
75149,David Amiri,#3B82F6
75401,David Amiri,#3B82F6
75402,David Amiri,#3B82F6
75403,David Amiri,#3B82F6
75404,David Amiri,#3B82F6
75407,David Amiri,#3B82F6
75423,David Amiri,#3B82F6
75458,David Amiri,#3B82F6
75472,David Amiri,#3B82F6
75474,David Amiri,#3B82F6
75770,David Amiri,#3B82F6
75801,David Amiri,#3B82F6
75802,David Amiri,#3B82F6
75803,David Amiri,#3B82F6
75839,David Amiri,#3B82F6
75882,David Amiri,#3B82F6
76063,David Amiri,#3B82F6
76073,David Amiri,#3B82F6
76082,David Amiri,#3B82F6
76227,David Amiri,#3B82F6
76247,David Amiri,#3B82F6
76248,David Amiri,#3B82F6
76351,David Amiri,#3B82F6
76458,David Amiri,#3B82F6
76469,David Amiri,#3B82F6
76481,David Amiri,#3B82F6
76486,David Amiri,#3B82F6
76501,David Amiri,#3B82F6
76502,David Amiri,#3B82F6
76503,David Amiri,#3B82F6
76504,David Amiri,#3B82F6
76505,David Amiri,#3B82F6
76508,David Amiri,#3B82F6
76511,David Amiri,#3B82F6
76513,David Amiri,#3B82F6
76519,David Amiri,#3B82F6
76533,David Amiri,#3B82F6
76534,David Amiri,#3B82F6
76538,David Amiri,#3B82F6
76540,David Amiri,#3B82F6
76541,David Amiri,#3B82F6
76542,David Amiri,#3B82F6
76543,David Amiri,#3B82F6
76544,David Amiri,#3B82F6
76545,David Amiri,#3B82F6
76546,David Amiri,#3B82F6
76547,David Amiri,#3B82F6
76548,David Amiri,#3B82F6
76549,David Amiri,#3B82F6
76554,David Amiri,#3B82F6
76557,David Amiri,#3B82F6
76559,David Amiri,#3B82F6
76564,David Amiri,#3B82F6
76569,David Amiri,#3B82F6
76571,David Amiri,#3B82F6
76579,David Amiri,#3B82F6
76634,David Amiri,#3B82F6
76661,David Amiri,#3B82F6
76680,David Amiri,#3B82F6
76853,David Amiri,#3B82F6
76857,David Amiri,#3B82F6
76864,David Amiri,#3B82F6
76934,David Amiri,#3B82F6
78039,David Amiri,#3B82F6
78052,David Amiri,#3B82F6
78073,David Amiri,#3B82F6
78148,David Amiri,#3B82F6
78152,David Amiri,#3B82F6
78201,David Amiri,#3B82F6
78202,David Amiri,#3B82F6
78203,David Amiri,#3B82F6
78204,David Amiri,#3B82F6
78205,David Amiri,#3B82F6
78207,David Amiri,#3B82F6
78208,David Amiri,#3B82F6
78209,David Amiri,#3B82F6
78210,David Amiri,#3B82F6
78211,David Amiri,#3B82F6
78212,David Amiri,#3B82F6
78214,David Amiri,#3B82F6
78215,David Amiri,#3B82F6
78216,David Amiri,#3B82F6
78218,David Amiri,#3B82F6
78219,David Amiri,#3B82F6
78220,David Amiri,#3B82F6
78221,David Amiri,#3B82F6
78222,David Amiri,#3B82F6
78223,David Amiri,#3B82F6
78224,David Amiri,#3B82F6
78225,David Amiri,#3B82F6
78226,David Amiri,#3B82F6
78227,David Amiri,#3B82F6
78228,David Amiri,#3B82F6
78229,David Amiri,#3B82F6
78230,David Amiri,#3B82F6
78231,David Amiri,#3B82F6
78232,David Amiri,#3B82F6
78233,David Amiri,#3B82F6
78234,David Amiri,#3B82F6
78235,David Amiri,#3B82F6
78236,David Amiri,#3B82F6
78237,David Amiri,#3B82F6
78238,David Amiri,#3B82F6
78239,David Amiri,#3B82F6
78242,David Amiri,#3B82F6
78243,David Amiri,#3B82F6
78244,David Amiri,#3B82F6
78247,David Amiri,#3B82F6
78251,David Amiri,#3B82F6
78252,David Amiri,#3B82F6
78256,David Amiri,#3B82F6
78263,David Amiri,#3B82F6
78264,David Amiri,#3B82F6
78626,David Amiri,#3B82F6
78664,David Amiri,#3B82F6
78666,David Amiri,#3B82F6
78748,David Amiri,#3B82F6
78852,David Amiri,#3B82F6
78948,David Amiri,#3B82F6
79001,David Amiri,#3B82F6
79015,David Amiri,#3B82F6
79022,David Amiri,#3B82F6
79027,David Amiri,#3B82F6
79034,David Amiri,#3B82F6
79035,David Amiri,#3B82F6
79039,David Amiri,#3B82F6
79040,David Amiri,#3B82F6
79042,David Amiri,#3B82F6
79052,David Amiri,#3B82F6
79059,David Amiri,#3B82F6
79079,David Amiri,#3B82F6
79081,David Amiri,#3B82F6
79087,David Amiri,#3B82F6
79092,David Amiri,#3B82F6
79095,David Amiri,#3B82F6
79096,David Amiri,#3B82F6
79201,David Amiri,#3B82F6
79226,David Amiri,#3B82F6
79236,David Amiri,#3B82F6
79239,David Amiri,#3B82F6
79241,David Amiri,#3B82F6
79243,David Amiri,#3B82F6
79244,David Amiri,#3B82F6
79252,David Amiri,#3B82F6
79261,David Amiri,#3B82F6
79325,David Amiri,#3B82F6
79336,David Amiri,#3B82F6
79355,David Amiri,#3B82F6
79364,David Amiri,#3B82F6
79503,David Amiri,#3B82F6
79506,David Amiri,#3B82F6
79508,David Amiri,#3B82F6
79517,David Amiri,#3B82F6
79518,David Amiri,#3B82F6
79520,David Amiri,#3B82F6
79521,David Amiri,#3B82F6
79529,David Amiri,#3B82F6
79533,David Amiri,#3B82F6
79540,David Amiri,#3B82F6
79544,David Amiri,#3B82F6
79556,David Amiri,#3B82F6
79561,David Amiri,#3B82F6
79606,David Amiri,#3B82F6
79730,David Amiri,#3B82F6
79738,David Amiri,#3B82F6
79755,David Amiri,#3B82F6
79925,David Amiri,#3B82F6
79928,David Amiri,#3B82F6
79934,David Amiri,#3B82F6
73502,David Amiri,#3B82F6
73506,David Amiri,#3B82F6
73558,David Amiri,#3B82F6
75482,David Amiri,#3B82F6
75483,David Amiri,#3B82F6
75751,David Amiri,#3B82F6
75760,David Amiri,#3B82F6
75763,David Amiri,#3B82F6
75788,David Amiri,#3B82F6
75791,David Amiri,#3B82F6
75831,David Amiri,#3B82F6
75835,David Amiri,#3B82F6
75840,David Amiri,#3B82F6
75845,David Amiri,#3B82F6
75846,David Amiri,#3B82F6
75860,David Amiri,#3B82F6
75901,David Amiri,#3B82F6
75902,David Amiri,#3B82F6
75903,David Amiri,#3B82F6
75904,David Amiri,#3B82F6
75915,David Amiri,#3B82F6
75935,David Amiri,#3B82F6
75937,David Amiri,#3B82F6
75939,David Amiri,#3B82F6
75941,David Amiri,#3B82F6
75943,David Amiri,#3B82F6
75944,David Amiri,#3B82F6
75946,David Amiri,#3B82F6
75949,David Amiri,#3B82F6
75958,David Amiri,#3B82F6
75961,David Amiri,#3B82F6
75962,David Amiri,#3B82F6
75963,David Amiri,#3B82F6
75964,David Amiri,#3B82F6
75965,David Amiri,#3B82F6
75969,David Amiri,#3B82F6
75973,David Amiri,#3B82F6
75978,David Amiri,#3B82F6
75979,David Amiri,#3B82F6
76262,David Amiri,#3B82F6
76301,David Amiri,#3B82F6
76302,David Amiri,#3B82F6
76305,David Amiri,#3B82F6
76308,David Amiri,#3B82F6
76309,David Amiri,#3B82F6
76310,David Amiri,#3B82F6
76401,David Amiri,#3B82F6
76522,David Amiri,#3B82F6
76528,David Amiri,#3B82F6
76539,David Amiri,#3B82F6
76667,David Amiri,#3B82F6
76801,David Amiri,#3B82F6
76820,David Amiri,#3B82F6
76821,David Amiri,#3B82F6
76834,David Amiri,#3B82F6
76856,David Amiri,#3B82F6
76859,David Amiri,#3B82F6
76901,David Amiri,#3B82F6
76903,David Amiri,#3B82F6
76904,David Amiri,#3B82F6
76905,David Amiri,#3B82F6
76908,David Amiri,#3B82F6
76933,David Amiri,#3B82F6
76941,David Amiri,#3B82F6
76943,David Amiri,#3B82F6
76950,David Amiri,#3B82F6
79007,David Amiri,#3B82F6
79008,David Amiri,#3B82F6
79101,David Amiri,#3B82F6
79102,David Amiri,#3B82F6
79103,David Amiri,#3B82F6
79104,David Amiri,#3B82F6
79105,David Amiri,#3B82F6
79106,David Amiri,#3B82F6
79107,David Amiri,#3B82F6
79108,David Amiri,#3B82F6
79109,David Amiri,#3B82F6
79110,David Amiri,#3B82F6
79111,David Amiri,#3B82F6
79114,David Amiri,#3B82F6
79116,David Amiri,#3B82F6
79117,David Amiri,#3B82F6
79118,David Amiri,#3B82F6
79119,David Amiri,#3B82F6
79120,David Amiri,#3B82F6
79121,David Amiri,#3B82F6
79124,David Amiri,#3B82F6
79159,David Amiri,#3B82F6
79189,David Amiri,#3B82F6
79316,David Amiri,#3B82F6
79401,David Amiri,#3B82F6
79402,David Amiri,#3B82F6
79404,David Amiri,#3B82F6
79405,David Amiri,#3B82F6
79406,David Amiri,#3B82F6
79407,David Amiri,#3B82F6
79408,David Amiri,#3B82F6
79409,David Amiri,#3B82F6
79410,David Amiri,#3B82F6
79411,David Amiri,#3B82F6
79412,David Amiri,#3B82F6
79413,David Amiri,#3B82F6
79414,David Amiri,#3B82F6
79415,David Amiri,#3B82F6
79416,David Amiri,#3B82F6
79423,David Amiri,#3B82F6
79424,David Amiri,#3B82F6
79501,David Amiri,#3B82F6
79502,David Amiri,#3B82F6
79504,David Amiri,#3B82F6
79510,David Amiri,#3B82F6
79528,David Amiri,#3B82F6
79530,David Amiri,#3B82F6
79536,David Amiri,#3B82F6
79546,David Amiri,#3B82F6
79553,David Amiri,#3B82F6
79601,David Amiri,#3B82F6
79922,David Amiri,#3B82F6
79932,David Amiri,#3B82F6
79902,David Amiri,#3B82F6
79903,David Amiri,#3B82F6
79930,David Amiri,#3B82F6
79901,David Amiri,#3B82F6
75492,David Amiri,#3B82F6
75488,David Amiri,#3B82F6
75452,David Amiri,#3B82F6
75560,David Amiri,#3B82F6
75572,David Amiri,#3B82F6
75567,David Amiri,#3B82F6
75569,David Amiri,#3B82F6
75503,David Amiri,#3B82F6
75561,David Amiri,#3B82F6
75570,David Amiri,#3B82F6
75559,David Amiri,#3B82F6
75487,David Amiri,#3B82F6
75417,David Amiri,#3B82F6
75426,David Amiri,#3B82F6
75220,David Amiri,#3B82F6
76155,David Amiri,#3B82F6
75218,David Amiri,#3B82F6
75435,David Amiri,#3B82F6
75477,David Amiri,#3B82F6
75449,David Amiri,#3B82F6
75497,David Amiri,#3B82F6
75638,David Amiri,#3B82F6
75568,David Amiri,#3B82F6
75563,David Amiri,#3B82F6
75975,David Amiri,#3B82F6
75925,David Amiri,#3B82F6
79098,David Amiri,#3B82F6
79078,David Amiri,#3B82F6
79245,David Amiri,#3B82F6
79233,David Amiri,#3B82F6
79223,David Amiri,#3B82F6
79256,David Amiri,#3B82F6
75792,David Amiri,#3B82F6
75693,David Amiri,#3B82F6
75651,David Amiri,#3B82F6
75644,David Amiri,#3B82F6
75783,David Amiri,#3B82F6
75451,David Amiri,#3B82F6
75471,David Amiri,#3B82F6
75437,David Amiri,#3B82F6
79525,David Amiri,#3B82F6
75974,David Amiri,#3B82F6
75959,David Amiri,#3B82F6
75929,David Amiri,#3B82F6
75847,David Amiri,#3B82F6
76652,David Amiri,#3B82F6
79911,David Amiri,#3B82F6
79915,David Amiri,#3B82F6
79838,David Amiri,#3B82F6
79758,David Amiri,#3B82F6
79783,David Amiri,#3B82F6
79565,David Amiri,#3B82F6
79532,David Amiri,#3B82F6
76491,David Amiri,#3B82F6
75479,David Amiri,#3B82F6
75439,David Amiri,#3B82F6
75490,David Amiri,#3B82F6
75058,David Amiri,#3B82F6
75489,David Amiri,#3B82F6
75413,David Amiri,#3B82F6
75422,David Amiri,#3B82F6
79358,David Amiri,#3B82F6
79372,David Amiri,#3B82F6
79345,David Amiri,#3B82F6
75478,David Amiri,#3B82F6
75493,David Amiri,#3B82F6
75558,David Amiri,#3B82F6
75639,David Amiri,#3B82F6
75968,David Amiri,#3B82F6
75855,David Amiri,#3B82F6
75859,David Amiri,#3B82F6
76627,David Amiri,#3B82F6
76622,David Amiri,#3B82F6
75752,David Amiri,#3B82F6
75453,David Amiri,#3B82F6
60101,Danny Schwartz,#10B981
60118,Danny Schwartz,#10B981
60133,Danny Schwartz,#10B981
60134,Danny Schwartz,#10B981
60135,Danny Schwartz,#10B981
60137,Danny Schwartz,#10B981
60139,Danny Schwartz,#10B981
60140,Danny Schwartz,#10B981
60141,Danny Schwartz,#10B981
60142,Danny Schwartz,#10B981
60143,Danny Schwartz,#10B981
60148,Danny Schwartz,#10B981
60153,Danny Schwartz,#10B981
60154,Danny Schwartz,#10B981
60155,Danny Schwartz,#10B981
60156,Danny Schwartz,#10B981
60402,Danny Schwartz,#10B981
60403,Danny Schwartz,#10B981
60404,Danny Schwartz,#10B981
60406,Danny Schwartz,#10B981
60407,Danny Schwartz,#10B981
60408,Danny Schwartz,#10B981
60409,Danny Schwartz,#10B981
60410,Danny Schwartz,#10B981
60411,Danny Schwartz,#10B981
60415,Danny Schwartz,#10B981
60416,Danny Schwartz,#10B981
60417,Danny Schwartz,#10B981
60419,Danny Schwartz,#10B981
60420,Danny Schwartz,#10B981
60421,Danny Schwartz,#10B981
60422,Danny Schwartz,#10B981
60423,Danny Schwartz,#10B981
60424,Danny Schwartz,#10B981
60425,Danny Schwartz,#10B981
60426,Danny Schwartz,#10B981
60428,Danny Schwartz,#10B981
60429,Danny Schwartz,#10B981
60430,Danny Schwartz,#10B981
60431,Danny Schwartz,#10B981
60432,Danny Schwartz,#10B981
60433,Danny Schwartz,#10B981
60435,Danny Schwartz,#10B981
60436,Danny Schwartz,#10B981
60438,Danny Schwartz,#10B981
60439,Danny Schwartz,#10B981
60440,Danny Schwartz,#10B981
60441,Danny Schwartz,#10B981
60442,Danny Schwartz,#10B981
60443,Danny Schwartz,#10B981
60445,Danny Schwartz,#10B981
60446,Danny Schwartz,#10B981
60447,Danny Schwartz,#10B981
60448,Danny Schwartz,#10B981
60449,Danny Schwartz,#10B981
60450,Danny Schwartz,#10B981
60451,Danny Schwartz,#10B981
60452,Danny Schwartz,#10B981
60453,Danny Schwartz,#10B981
60455,Danny Schwartz,#10B981
60456,Danny Schwartz,#10B981
60457,Danny Schwartz,#10B981
60458,Danny Schwartz,#10B981
60459,Danny Schwartz,#10B981
60460,Danny Schwartz,#10B981
60461,Danny Schwartz,#10B981
60462,Danny Schwartz,#10B981
60463,Danny Schwartz,#10B981
60464,Danny Schwartz,#10B981
60465,Danny Schwartz,#10B981
60466,Danny Schwartz,#10B981
60467,Danny Schwartz,#10B981
60468,Danny Schwartz,#10B981
60469,Danny Schwartz,#10B981
60471,Danny Schwartz,#10B981
60472,Danny Schwartz,#10B981
60473,Danny Schwartz,#10B981
60475,Danny Schwartz,#10B981
60476,Danny Schwartz,#10B981
60477,Danny Schwartz,#10B981
60478,Danny Schwartz,#10B981
60480,Danny Schwartz,#10B981
60482,Danny Schwartz,#10B981
60490,Danny Schwartz,#10B981
60501,Danny Schwartz,#10B981
60502,Danny Schwartz,#10B981
60503,Danny Schwartz,#10B981
60504,Danny Schwartz,#10B981
60505,Danny Schwartz,#10B981
60506,Danny Schwartz,#10B981
60510,Danny Schwartz,#10B981
60511,Danny Schwartz,#10B981
60512,Danny Schwartz,#10B981
60513,Danny Schwartz,#10B981
60514,Danny Schwartz,#10B981
60515,Danny Schwartz,#10B981
60516,Danny Schwartz,#10B981
60517,Danny Schwartz,#10B981
60518,Danny Schwartz,#10B981
60521,Danny Schwartz,#10B981
60523,Danny Schwartz,#10B981
60525,Danny Schwartz,#10B981
60526,Danny Schwartz,#10B981
60527,Danny Schwartz,#10B981
60532,Danny Schwartz,#10B981
60534,Danny Schwartz,#10B981
60538,Danny Schwartz,#10B981
60539,Danny Schwartz,#10B981
60540,Danny Schwartz,#10B981
60541,Danny Schwartz,#10B981
60542,Danny Schwartz,#10B981
60543,Danny Schwartz,#10B981
60544,Danny Schwartz,#10B981
60545,Danny Schwartz,#10B981
60546,Danny Schwartz,#10B981
60548,Danny Schwartz,#10B981
60551,Danny Schwartz,#10B981
60552,Danny Schwartz,#10B981
60553,Danny Schwartz,#10B981
60554,Danny Schwartz,#10B981
60555,Danny Schwartz,#10B981
60556,Danny Schwartz,#10B981
60558,Danny Schwartz,#10B981
60559,Danny Schwartz,#10B981
60560,Danny Schwartz,#10B981
60561,Danny Schwartz,#10B981
60563,Danny Schwartz,#10B981
60564,Danny Schwartz,#10B981
60565,Danny Schwartz,#10B981
60585,Danny Schwartz,#10B981
61008,Danny Schwartz,#10B981
61021,Danny Schwartz,#10B981
61025,Danny Schwartz,#10B981
61036,Danny Schwartz,#10B981
61061,Danny Schwartz,#10B981
61068,Danny Schwartz,#10B981
61072,Danny Schwartz,#10B981
61073,Danny Schwartz,#10B981
61081,Danny Schwartz,#10B981
61084,Danny Schwartz,#10B981
61088,Danny Schwartz,#10B981
61201,Danny Schwartz,#10B981
61244,Danny Schwartz,#10B981
61254,Danny Schwartz,#10B981
61264,Danny Schwartz,#10B981
61265,Danny Schwartz,#10B981
61270,Danny Schwartz,#10B981
61282,Danny Schwartz,#10B981
61301,Danny Schwartz,#10B981
61342,Danny Schwartz,#10B981
61350,Danny Schwartz,#10B981
61354,Danny Schwartz,#10B981
61356,Danny Schwartz,#10B981
61360,Danny Schwartz,#10B981
61364,Danny Schwartz,#10B981
61401,Danny Schwartz,#10B981
61443,Danny Schwartz,#10B981
61455,Danny Schwartz,#10B981
61523,Danny Schwartz,#10B981
61548,Danny Schwartz,#10B981
61550,Danny Schwartz,#10B981
61554,Danny Schwartz,#10B981
61571,Danny Schwartz,#10B981
61602,Danny Schwartz,#10B981
61603,Danny Schwartz,#10B981
61604,Danny Schwartz,#10B981
61614,Danny Schwartz,#10B981
61615,Danny Schwartz,#10B981
61701,Danny Schwartz,#10B981
61704,Danny Schwartz,#10B981
61761,Danny Schwartz,#10B981
61764,Danny Schwartz,#10B981
61801,Danny Schwartz,#10B981
61802,Danny Schwartz,#10B981
61820,Danny Schwartz,#10B981
61821,Danny Schwartz,#10B981
61832,Danny Schwartz,#10B981
61853,Danny Schwartz,#10B981
61866,Danny Schwartz,#10B981
61874,Danny Schwartz,#10B981
61920,Danny Schwartz,#10B981
61938,Danny Schwartz,#10B981
61944,Danny Schwartz,#10B981
61953,Danny Schwartz,#10B981
62010,Danny Schwartz,#10B981
62012,Danny Schwartz,#10B981
62025,Danny Schwartz,#10B981
62034,Danny Schwartz,#10B981
62046,Danny Schwartz,#10B981
62049,Danny Schwartz,#10B981
62052,Danny Schwartz,#10B981
62056,Danny Schwartz,#10B981
62062,Danny Schwartz,#10B981
62067,Danny Schwartz,#10B981
62088,Danny Schwartz,#10B981
62097,Danny Schwartz,#10B981
62208,Danny Schwartz,#10B981
62216,Danny Schwartz,#10B981
62218,Danny Schwartz,#10B981
62220,Danny Schwartz,#10B981
62221,Danny Schwartz,#10B981
62223,Danny Schwartz,#10B981
62226,Danny Schwartz,#10B981
62230,Danny Schwartz,#10B981
62231,Danny Schwartz,#10B981
62233,Danny Schwartz,#10B981
62234,Danny Schwartz,#10B981
62236,Danny Schwartz,#10B981
62243,Danny Schwartz,#10B981
62246,Danny Schwartz,#10B981
62248,Danny Schwartz,#10B981
62249,Danny Schwartz,#10B981
62254,Danny Schwartz,#10B981
62258,Danny Schwartz,#10B981
62260,Danny Schwartz,#10B981
62263,Danny Schwartz,#10B981
62265,Danny Schwartz,#10B981
62269,Danny Schwartz,#10B981
62271,Danny Schwartz,#10B981
62274,Danny Schwartz,#10B981
62278,Danny Schwartz,#10B981
62285,Danny Schwartz,#10B981
62286,Danny Schwartz,#10B981
62288,Danny Schwartz,#10B981
62293,Danny Schwartz,#10B981
62294,Danny Schwartz,#10B981
62295,Danny Schwartz,#10B981
62298,Danny Schwartz,#10B981
62521,Danny Schwartz,#10B981
62526,Danny Schwartz,#10B981
62701,Danny Schwartz,#10B981
62703,Danny Schwartz,#10B981
62704,Danny Schwartz,#10B981
62711,Danny Schwartz,#10B981
62801,Danny Schwartz,#10B981
62812,Danny Schwartz,#10B981
62837,Danny Schwartz,#10B981
62864,Danny Schwartz,#10B981
62901,Danny Schwartz,#10B981
62902,Danny Schwartz,#10B981
62918,Danny Schwartz,#10B981
62932,Danny Schwartz,#10B981
62946,Danny Schwartz,#10B981
62948,Danny Schwartz,#10B981
62959,Danny Schwartz,#10B981
62960,Danny Schwartz,#10B981
62966,Danny Schwartz,#10B981
63011,Danny Schwartz,#10B981
63021,Danny Schwartz,#10B981
63052,Danny Schwartz,#10B981
63053,Danny Schwartz,#10B981
63119,Danny Schwartz,#10B981
63122,Danny Schwartz,#10B981
63131,Danny Schwartz,#10B981
63141,Danny Schwartz,#10B981
63366,Danny Schwartz,#10B981
63368,Danny Schwartz,#10B981
63376,Danny Schwartz,#10B981
48414,Rob Russell,#EC4899
48612,Rob Russell,#EC4899
48617,Rob Russell,#EC4899
48618,Rob Russell,#EC4899
48622,Rob Russell,#EC4899
48625,Rob Russell,#EC4899
48633,Rob Russell,#EC4899
48801,Rob Russell,#EC4899
48806,Rob Russell,#EC4899
48808,Rob Russell,#EC4899
48809,Rob Russell,#EC4899
48811,Rob Russell,#EC4899
48813,Rob Russell,#EC4899
48815,Rob Russell,#EC4899
48819,Rob Russell,#EC4899
48820,Rob Russell,#EC4899
48821,Rob Russell,#EC4899
48822,Rob Russell,#EC4899
48823,Rob Russell,#EC4899
48824,Rob Russell,#EC4899
48825,Rob Russell,#EC4899
48827,Rob Russell,#EC4899
48829,Rob Russell,#EC4899
48834,Rob Russell,#EC4899
48835,Rob Russell,#EC4899
48837,Rob Russell,#EC4899
48838,Rob Russell,#EC4899
48840,Rob Russell,#EC4899
48842,Rob Russell,#EC4899
48846,Rob Russell,#EC4899
48847,Rob Russell,#EC4899
48848,Rob Russell,#EC4899
48849,Rob Russell,#EC4899
48850,Rob Russell,#EC4899
48854,Rob Russell,#EC4899
48857,Rob Russell,#EC4899
48858,Rob Russell,#EC4899
48861,Rob Russell,#EC4899
48864,Rob Russell,#EC4899
48871,Rob Russell,#EC4899
48872,Rob Russell,#EC4899
48873,Rob Russell,#EC4899
48875,Rob Russell,#EC4899
48876,Rob Russell,#EC4899
48878,Rob Russell,#EC4899
48879,Rob Russell,#EC4899
48881,Rob Russell,#EC4899
48883,Rob Russell,#EC4899
48886,Rob Russell,#EC4899
48888,Rob Russell,#EC4899
48890,Rob Russell,#EC4899
48891,Rob Russell,#EC4899
48892,Rob Russell,#EC4899
48893,Rob Russell,#EC4899
48894,Rob Russell,#EC4899
48895,Rob Russell,#EC4899
48897,Rob Russell,#EC4899
48901,Rob Russell,#EC4899
48906,Rob Russell,#EC4899
48908,Rob Russell,#EC4899
48909,Rob Russell,#EC4899
48910,Rob Russell,#EC4899
48911,Rob Russell,#EC4899
48912,Rob Russell,#EC4899
48913,Rob Russell,#EC4899
48915,Rob Russell,#EC4899
48917,Rob Russell,#EC4899
48921,Rob Russell,#EC4899
48922,Rob Russell,#EC4899
48924,Rob Russell,#EC4899
48929,Rob Russell,#EC4899
48930,Rob Russell,#EC4899
48933,Rob Russell,#EC4899
48937,Rob Russell,#EC4899
48950,Rob Russell,#EC4899
48951,Rob Russell,#EC4899
48956,Rob Russell,#EC4899
49001,Rob Russell,#EC4899
49003,Rob Russell,#EC4899
49004,Rob Russell,#EC4899
49006,Rob Russell,#EC4899
49007,Rob Russell,#EC4899
49008,Rob Russell,#EC4899
49009,Rob Russell,#EC4899
49010,Rob Russell,#EC4899
49011,Rob Russell,#EC4899
49012,Rob Russell,#EC4899
49013,Rob Russell,#EC4899
49014,Rob Russell,#EC4899
49015,Rob Russell,#EC4899
49021,Rob Russell,#EC4899
49022,Rob Russell,#EC4899
49024,Rob Russell,#EC4899
49026,Rob Russell,#EC4899
49036,Rob Russell,#EC4899
49037,Rob Russell,#EC4899
49038,Rob Russell,#EC4899
49040,Rob Russell,#EC4899
49043,Rob Russell,#EC4899
49045,Rob Russell,#EC4899
49046,Rob Russell,#EC4899
49048,Rob Russell,#EC4899
49050,Rob Russell,#EC4899
49052,Rob Russell,#EC4899
49053,Rob Russell,#EC4899
49055,Rob Russell,#EC4899
49056,Rob Russell,#EC4899
49057,Rob Russell,#EC4899
49058,Rob Russell,#EC4899
49064,Rob Russell,#EC4899
49065,Rob Russell,#EC4899
49068,Rob Russell,#EC4899
49076,Rob Russell,#EC4899
49077,Rob Russell,#EC4899
49078,Rob Russell,#EC4899
49079,Rob Russell,#EC4899
49080,Rob Russell,#EC4899
49081,Rob Russell,#EC4899
49083,Rob Russell,#EC4899
49090,Rob Russell,#EC4899
49091,Rob Russell,#EC4899
49093,Rob Russell,#EC4899
49096,Rob Russell,#EC4899
49097,Rob Russell,#EC4899
49103,Rob Russell,#EC4899
49120,Rob Russell,#EC4899
49224,Rob Russell,#EC4899
49245,Rob Russell,#EC4899
49254,Rob Russell,#EC4899
49264,Rob Russell,#EC4899
49269,Rob Russell,#EC4899
49301,Rob Russell,#EC4899
49302,Rob Russell,#EC4899
49304,Rob Russell,#EC4899
49305,Rob Russell,#EC4899
49307,Rob Russell,#EC4899
49309,Rob Russell,#EC4899
49310,Rob Russell,#EC4899
49312,Rob Russell,#EC4899
49315,Rob Russell,#EC4899
49316,Rob Russell,#EC4899
49321,Rob Russell,#EC4899
49323,Rob Russell,#EC4899
49325,Rob Russell,#EC4899
49327,Rob Russell,#EC4899
49328,Rob Russell,#EC4899
49329,Rob Russell,#EC4899
49330,Rob Russell,#EC4899
49331,Rob Russell,#EC4899
49332,Rob Russell,#EC4899
49333,Rob Russell,#EC4899
49335,Rob Russell,#EC4899
49337,Rob Russell,#EC4899
49340,Rob Russell,#EC4899
49341,Rob Russell,#EC4899
49342,Rob Russell,#EC4899
49343,Rob Russell,#EC4899
49344,Rob Russell,#EC4899
49345,Rob Russell,#EC4899
49346,Rob Russell,#EC4899
49348,Rob Russell,#EC4899
49349,Rob Russell,#EC4899
49401,Rob Russell,#EC4899
49403,Rob Russell,#EC4899
49405,Rob Russell,#EC4899
49408,Rob Russell,#EC4899
49410,Rob Russell,#EC4899
49411,Rob Russell,#EC4899
49417,Rob Russell,#EC4899
49418,Rob Russell,#EC4899
49420,Rob Russell,#EC4899
49421,Rob Russell,#EC4899
49424,Rob Russell,#EC4899
49426,Rob Russell,#EC4899
49428,Rob Russell,#EC4899
49435,Rob Russell,#EC4899
49436,Rob Russell,#EC4899
49437,Rob Russell,#EC4899
49441,Rob Russell,#EC4899
49442,Rob Russell,#EC4899
49444,Rob Russell,#EC4899
49445,Rob Russell,#EC4899
49448,Rob Russell,#EC4899
49451,Rob Russell,#EC4899
49452,Rob Russell,#EC4899
49454,Rob Russell,#EC4899
49455,Rob Russell,#EC4899
49457,Rob Russell,#EC4899
49461,Rob Russell,#EC4899
49463,Rob Russell,#EC4899
49464,Rob Russell,#EC4899
49503,Rob Russell,#EC4899
49504,Rob Russell,#EC4899
49505,Rob Russell,#EC4899
49506,Rob Russell,#EC4899
49507,Rob Russell,#EC4899
49508,Rob Russell,#EC4899
49509,Rob Russell,#EC4899
49512,Rob Russell,#EC4899
49519,Rob Russell,#EC4899
49525,Rob Russell,#EC4899
49534,Rob Russell,#EC4899
49544,Rob Russell,#EC4899
49546,Rob Russell,#EC4899
49548,Rob Russell,#EC4899
49601,Rob Russell,#EC4899
49614,Rob Russell,#EC4899
49615,Rob Russell,#EC4899
49619,Rob Russell,#EC4899
49620,Rob Russell,#EC4899
49622,Rob Russell,#EC4899
49629,Rob Russell,#EC4899
49631,Rob Russell,#EC4899
49633,Rob Russell,#EC4899
49638,Rob Russell,#EC4899
49644,Rob Russell,#EC4899
49645,Rob Russell,#EC4899
49646,Rob Russell,#EC4899
49649,Rob Russell,#EC4899
49651,Rob Russell,#EC4899
49655,Rob Russell,#EC4899
49656,Rob Russell,#EC4899
49657,Rob Russell,#EC4899
49659,Rob Russell,#EC4899
49660,Rob Russell,#EC4899
49663,Rob Russell,#EC4899
49665,Rob Russell,#EC4899
49667,Rob Russell,#EC4899
49668,Rob Russell,#EC4899
49676,Rob Russell,#EC4899
49677,Rob Russell,#EC4899
49683,Rob Russell,#EC4899
49688,Rob Russell,#EC4899
49689,Rob Russell,#EC4899
49690,Rob Russell,#EC4899
49705,Rob Russell,#EC4899
49709,Rob Russell,#EC4899
49713,Rob Russell,#EC4899
49715,Rob Russell,#EC4899
49727,Rob Russell,#EC4899
49730,Rob Russell,#EC4899
49733,Rob Russell,#EC4899
49735,Rob Russell,#EC4899
49738,Rob Russell,#EC4899
49751,Rob Russell,#EC4899
49756,Rob Russell,#EC4899
49759,Rob Russell,#EC4899
49765,Rob Russell,#EC4899
49799,Rob Russell,#EC4899
49807,Rob Russell,#EC4899
49812,Rob Russell,#EC4899
49816,Rob Russell,#EC4899
49818,Rob Russell,#EC4899
49820,Rob Russell,#EC4899
49821,Rob Russell,#EC4899
49831,Rob Russell,#EC4899
49834,Rob Russell,#EC4899
49836,Rob Russell,#EC4899
49841,Rob Russell,#EC4899
49849,Rob Russell,#EC4899
49854,Rob Russell,#EC4899
49855,Rob Russell,#EC4899
49868,Rob Russell,#EC4899
49874,Rob Russell,#EC4899
49878,Rob Russell,#EC4899
49879,Rob Russell,#EC4899
49880,Rob Russell,#EC4899
49883,Rob Russell,#EC4899
49884,Rob Russell,#EC4899
49912,Rob Russell,#EC4899
49920,Rob Russell,#EC4899
49962,Rob Russell,#EC4899
49969,Rob Russell,#EC4899
49971,Rob Russell,#EC4899
49650,Rob Russell,#EC4899
49684,Rob Russell,#EC4899
49685,Rob Russell,#EC4899
49686,Rob Russell,#EC4899
49630,Rob Russell,#EC4899
49664,Rob Russell,#EC4899
49636,Rob Russell,#EC4899
49654,Rob Russell,#EC4899
49682,Rob Russell,#EC4899
49635,Rob Russell,#EC4899
49670,Rob Russell,#EC4899
49720,Rob Russell,#EC4899
49770,Rob Russell,#EC4899
49740,Rob Russell,#EC4899
49706,Rob Russell,#EC4899
49749,Rob Russell,#EC4899
49769,Rob Russell,#EC4899
49755,Rob Russell,#EC4899
49718,Rob Russell,#EC4899
49723,Rob Russell,#EC4899
49737,Rob Russell,#EC4899
49721,Rob Russell,#EC4899
49788,Rob Russell,#EC4899
49724,Rob Russell,#EC4899
49780,Rob Russell,#EC4899
49774,Rob Russell,#EC4899
49736,Rob Russell,#EC4899
49725,Rob Russell,#EC4899
49726,Rob Russell,#EC4899
49753,Rob Russell,#EC4899
49840,Rob Russell,#EC4899
49938,Rob Russell,#EC4899
49814,Rob Russell,#EC4899
49908,Rob Russell,#EC4899
49801,Rob Russell,#EC4899
49887,Rob Russell,#EC4899
49827,Rob Russell,#EC4899
49781,Rob Russell,#EC4899
48647,Rob Russell,#EC4899
48621,Rob Russell,#EC4899
48619,Rob Russell,#EC4899
48653,Rob Russell,#EC4899
48656,Rob Russell,#EC4899
49744,Rob Russell,#EC4899
49746,Rob Russell,#EC4899
49766,Rob Russell,#EC4899
49743,Rob Russell,#EC4899
49779,Rob Russell,#EC4899
48632,Rob Russell,#EC4899
49734,Rob Russell,#EC4899
49777,Rob Russell,#EC4899
48705,Rob Russell,#EC4899
48728,Rob Russell,#EC4899
48737,Rob Russell,#EC4899
48761,Rob Russell,#EC4899
49643,Rob Russell,#EC4899
49640,Rob Russell,#EC4899
49613,Rob Russell,#EC4899
49404,Rob Russell,#EC4899
49415,Rob Russell,#EC4899
49409,Rob Russell,#EC4899
49456,Rob Russell,#EC4899
49460,Rob Russell,#EC4899
49423,Rob Russell,#EC4899
49419,Rob Russell,#EC4899
49453,Rob Russell,#EC4899
49406,Rob Russell,#EC4899
49450,Rob Russell,#EC4899
49071,Rob Russell,#EC4899
49088,Rob Russell,#EC4899
49034,Rob Russell,#EC4899
49111,Rob Russell,#EC4899
49101,Rob Russell,#EC4899
49119,Rob Russell,#EC4899
49107,Rob Russell,#EC4899
32708,Devin Hodo,#F97316
35004,Devin Hodo,#F97316
35007,Devin Hodo,#F97316
35010,Devin Hodo,#F97316
35011,Devin Hodo,#F97316
35016,Devin Hodo,#F97316
35019,Devin Hodo,#F97316
35020,Devin Hodo,#F97316
35022,Devin Hodo,#F97316
35023,Devin Hodo,#F97316
35031,Devin Hodo,#F97316
35040,Devin Hodo,#F97316
35042,Devin Hodo,#F97316
35043,Devin Hodo,#F97316
35044,Devin Hodo,#F97316
35049,Devin Hodo,#F97316
35051,Devin Hodo,#F97316
35055,Devin Hodo,#F97316
35057,Devin Hodo,#F97316
35058,Devin Hodo,#F97316
35060,Devin Hodo,#F97316
35062,Devin Hodo,#F97316
35063,Devin Hodo,#F97316
35064,Devin Hodo,#F97316
35068,Devin Hodo,#F97316
35071,Devin Hodo,#F97316
35072,Devin Hodo,#F97316
35073,Devin Hodo,#F97316
35077,Devin Hodo,#F97316
35078,Devin Hodo,#F97316
35079,Devin Hodo,#F97316
35080,Devin Hodo,#F97316
35083,Devin Hodo,#F97316
35085,Devin Hodo,#F97316
35089,Devin Hodo,#F97316
35091,Devin Hodo,#F97316
35094,Devin Hodo,#F97316
35096,Devin Hodo,#F97316
35098,Devin Hodo,#F97316
35114,Devin Hodo,#F97316
35115,Devin Hodo,#F97316
35116,Devin Hodo,#F97316
35117,Devin Hodo,#F97316
35120,Devin Hodo,#F97316
35121,Devin Hodo,#F97316
35123,Devin Hodo,#F97316
35124,Devin Hodo,#F97316
35126,Devin Hodo,#F97316
35127,Devin Hodo,#F97316
35128,Devin Hodo,#F97316
35130,Devin Hodo,#F97316
35131,Devin Hodo,#F97316
35137,Devin Hodo,#F97316
35143,Devin Hodo,#F97316
35144,Devin Hodo,#F97316
35146,Devin Hodo,#F97316
35147,Devin Hodo,#F97316
35148,Devin Hodo,#F97316
35150,Devin Hodo,#F97316
35151,Devin Hodo,#F97316
35160,Devin Hodo,#F97316
35161,Devin Hodo,#F97316
35171,Devin Hodo,#F97316
35173,Devin Hodo,#F97316
35175,Devin Hodo,#F97316
35176,Devin Hodo,#F97316
35178,Devin Hodo,#F97316
35180,Devin Hodo,#F97316
35182,Devin Hodo,#F97316
35183,Devin Hodo,#F97316
35184,Devin Hodo,#F97316
35185,Devin Hodo,#F97316
35186,Devin Hodo,#F97316
35187,Devin Hodo,#F97316
35188,Devin Hodo,#F97316
35201,Devin Hodo,#F97316
35202,Devin Hodo,#F97316
35203,Devin Hodo,#F97316
35204,Devin Hodo,#F97316
35205,Devin Hodo,#F97316
35206,Devin Hodo,#F97316
35207,Devin Hodo,#F97316
35208,Devin Hodo,#F97316
35209,Devin Hodo,#F97316
35210,Devin Hodo,#F97316
35211,Devin Hodo,#F97316
35212,Devin Hodo,#F97316
35213,Devin Hodo,#F97316
35214,Devin Hodo,#F97316
35215,Devin Hodo,#F97316
35216,Devin Hodo,#F97316
35217,Devin Hodo,#F97316
35218,Devin Hodo,#F97316
35219,Devin Hodo,#F97316
35220,Devin Hodo,#F97316
35221,Devin Hodo,#F97316
35222,Devin Hodo,#F97316
35223,Devin Hodo,#F97316
35224,Devin Hodo,#F97316
35226,Devin Hodo,#F97316
35228,Devin Hodo,#F97316
35231,Devin Hodo,#F97316
35232,Devin Hodo,#F97316
35233,Devin Hodo,#F97316
35234,Devin Hodo,#F97316
35235,Devin Hodo,#F97316
35236,Devin Hodo,#F97316
35237,Devin Hodo,#F97316
35238,Devin Hodo,#F97316
35242,Devin Hodo,#F97316
35243,Devin Hodo,#F97316
35244,Devin Hodo,#F97316
35253,Devin Hodo,#F97316
35255,Devin Hodo,#F97316
35259,Devin Hodo,#F97316
35260,Devin Hodo,#F97316
35401,Devin Hodo,#F97316
35402,Devin Hodo,#F97316
35403,Devin Hodo,#F97316
35404,Devin Hodo,#F97316
35405,Devin Hodo,#F97316
35406,Devin Hodo,#F97316
35407,Devin Hodo,#F97316
35440,Devin Hodo,#F97316
35441,Devin Hodo,#F97316
35442,Devin Hodo,#F97316
35443,Devin Hodo,#F97316
35444,Devin Hodo,#F97316
35446,Devin Hodo,#F97316
35447,Devin Hodo,#F97316
35449,Devin Hodo,#F97316
35452,Devin Hodo,#F97316
35453,Devin Hodo,#F97316
35456,Devin Hodo,#F97316
35457,Devin Hodo,#F97316
35458,Devin Hodo,#F97316
35462,Devin Hodo,#F97316
35463,Devin Hodo,#F97316
35466,Devin Hodo,#F97316
35468,Devin Hodo,#F97316
35469,Devin Hodo,#F97316
35470,Devin Hodo,#F97316
35473,Devin Hodo,#F97316
35474,Devin Hodo,#F97316
35475,Devin Hodo,#F97316
35476,Devin Hodo,#F97316
35478,Devin Hodo,#F97316
35480,Devin Hodo,#F97316
35481,Devin Hodo,#F97316
35482,Devin Hodo,#F97316
35485,Devin Hodo,#F97316
35486,Devin Hodo,#F97316
35490,Devin Hodo,#F97316
35501,Devin Hodo,#F97316
35503,Devin Hodo,#F97316
35540,Devin Hodo,#F97316
35541,Devin Hodo,#F97316
35542,Devin Hodo,#F97316
35543,Devin Hodo,#F97316
35544,Devin Hodo,#F97316
35546,Devin Hodo,#F97316
35548,Devin Hodo,#F97316
35549,Devin Hodo,#F97316
35550,Devin Hodo,#F97316
35552,Devin Hodo,#F97316
35553,Devin Hodo,#F97316
35555,Devin Hodo,#F97316
35563,Devin Hodo,#F97316
35564,Devin Hodo,#F97316
35565,Devin Hodo,#F97316
35570,Devin Hodo,#F97316
35571,Devin Hodo,#F97316
35572,Devin Hodo,#F97316
35576,Devin Hodo,#F97316
35579,Devin Hodo,#F97316
35580,Devin Hodo,#F97316
35581,Devin Hodo,#F97316
35582,Devin Hodo,#F97316
35584,Devin Hodo,#F97316
35585,Devin Hodo,#F97316
35586,Devin Hodo,#F97316
35587,Devin Hodo,#F97316
35592,Devin Hodo,#F97316
35593,Devin Hodo,#F97316
35594,Devin Hodo,#F97316
35601,Devin Hodo,#F97316
35603,Devin Hodo,#F97316
35610,Devin Hodo,#F97316
35611,Devin Hodo,#F97316
35613,Devin Hodo,#F97316
35614,Devin Hodo,#F97316
35618,Devin Hodo,#F97316
35620,Devin Hodo,#F97316
35621,Devin Hodo,#F97316
35622,Devin Hodo,#F97316
35630,Devin Hodo,#F97316
35633,Devin Hodo,#F97316
35634,Devin Hodo,#F97316
35640,Devin Hodo,#F97316
35643,Devin Hodo,#F97316
35645,Devin Hodo,#F97316
35646,Devin Hodo,#F97316
35647,Devin Hodo,#F97316
35648,Devin Hodo,#F97316
35649,Devin Hodo,#F97316
35650,Devin Hodo,#F97316
35651,Devin Hodo,#F97316
35652,Devin Hodo,#F97316
35653,Devin Hodo,#F97316
35654,Devin Hodo,#F97316
35660,Devin Hodo,#F97316
35661,Devin Hodo,#F97316
35662,Devin Hodo,#F97316
35670,Devin Hodo,#F97316
35671,Devin Hodo,#F97316
35672,Devin Hodo,#F97316
35673,Devin Hodo,#F97316
35674,Devin Hodo,#F97316
35739,Devin Hodo,#F97316
35740,Devin Hodo,#F97316
35741,Devin Hodo,#F97316
35744,Devin Hodo,#F97316
35745,Devin Hodo,#F97316
35746,Devin Hodo,#F97316
35747,Devin Hodo,#F97316
35748,Devin Hodo,#F97316
35749,Devin Hodo,#F97316
35750,Devin Hodo,#F97316
35751,Devin Hodo,#F97316
35752,Devin Hodo,#F97316
35754,Devin Hodo,#F97316
35756,Devin Hodo,#F97316
35757,Devin Hodo,#F97316
35758,Devin Hodo,#F97316
35759,Devin Hodo,#F97316
35760,Devin Hodo,#F97316
35761,Devin Hodo,#F97316
35762,Devin Hodo,#F97316
35763,Devin Hodo,#F97316
35764,Devin Hodo,#F97316
35765,Devin Hodo,#F97316
35766,Devin Hodo,#F97316
35767,Devin Hodo,#F97316
35768,Devin Hodo,#F97316
35771,Devin Hodo,#F97316
35772,Devin Hodo,#F97316
35773,Devin Hodo,#F97316
35774,Devin Hodo,#F97316
35775,Devin Hodo,#F97316
35776,Devin Hodo,#F97316
35801,Devin Hodo,#F97316
35802,Devin Hodo,#F97316
35803,Devin Hodo,#F97316
35804,Devin Hodo,#F97316
35805,Devin Hodo,#F97316
35806,Devin Hodo,#F97316
35807,Devin Hodo,#F97316
35808,Devin Hodo,#F97316
35809,Devin Hodo,#F97316
35810,Devin Hodo,#F97316
35811,Devin Hodo,#F97316
35812,Devin Hodo,#F97316
35813,Devin Hodo,#F97316
35814,Devin Hodo,#F97316
35815,Devin Hodo,#F97316
35816,Devin Hodo,#F97316
35824,Devin Hodo,#F97316
35893,Devin Hodo,#F97316
35894,Devin Hodo,#F97316
35901,Devin Hodo,#F97316
35903,Devin Hodo,#F97316
35904,Devin Hodo,#F97316
35905,Devin Hodo,#F97316
35906,Devin Hodo,#F97316
35907,Devin Hodo,#F97316
35950,Devin Hodo,#F97316
35951,Devin Hodo,#F97316
35952,Devin Hodo,#F97316
35953,Devin Hodo,#F97316
35954,Devin Hodo,#F97316
35956,Devin Hodo,#F97316
35957,Devin Hodo,#F97316
35959,Devin Hodo,#F97316
35960,Devin Hodo,#F97316
35962,Devin Hodo,#F97316
35966,Devin Hodo,#F97316
35967,Devin Hodo,#F97316
35968,Devin Hodo,#F97316
35972,Devin Hodo,#F97316
35974,Devin Hodo,#F97316
35975,Devin Hodo,#F97316
35978,Devin Hodo,#F97316
35980,Devin Hodo,#F97316
35984,Devin Hodo,#F97316
35986,Devin Hodo,#F97316
35987,Devin Hodo,#F97316
35990,Devin Hodo,#F97316
36006,Devin Hodo,#F97316
36022,Devin Hodo,#F97316
36024,Devin Hodo,#F97316
36026,Devin Hodo,#F97316
36028,Devin Hodo,#F97316
36045,Devin Hodo,#F97316
36047,Devin Hodo,#F97316
36051,Devin Hodo,#F97316
36052,Devin Hodo,#F97316
36066,Devin Hodo,#F97316
36067,Devin Hodo,#F97316
36068,Devin Hodo,#F97316
36069,Devin Hodo,#F97316
36075,Devin Hodo,#F97316
36080,Devin Hodo,#F97316
36083,Devin Hodo,#F97316
36091,Devin Hodo,#F97316
36092,Devin Hodo,#F97316
36093,Devin Hodo,#F97316
36104,Devin Hodo,#F97316
36105,Devin Hodo,#F97316
36106,Devin Hodo,#F97316
36107,Devin Hodo,#F97316
36108,Devin Hodo,#F97316
36109,Devin Hodo,#F97316
36110,Devin Hodo,#F97316
36111,Devin Hodo,#F97316
36112,Devin Hodo,#F97316
36113,Devin Hodo,#F97316
36115,Devin Hodo,#F97316
36116,Devin Hodo,#F97316
36117,Devin Hodo,#F97316
36123,Devin Hodo,#F97316
36124,Devin Hodo,#F97316
36125,Devin Hodo,#F97316
36130,Devin Hodo,#F97316
36131,Devin Hodo,#F97316
36132,Devin Hodo,#F97316
36133,Devin Hodo,#F97316
36134,Devin Hodo,#F97316
36135,Devin Hodo,#F97316
36140,Devin Hodo,#F97316
36141,Devin Hodo,#F97316
36142,Devin Hodo,#F97316
36177,Devin Hodo,#F97316
36191,Devin Hodo,#F97316
36201,Devin Hodo,#F97316
36202,Devin Hodo,#F97316
36203,Devin Hodo,#F97316
36206,Devin Hodo,#F97316
36207,Devin Hodo,#F97316
36250,Devin Hodo,#F97316
36251,Devin Hodo,#F97316
36256,Devin Hodo,#F97316
36258,Devin Hodo,#F97316
36261,Devin Hodo,#F97316
36262,Devin Hodo,#F97316
36264,Devin Hodo,#F97316
36265,Devin Hodo,#F97316
36266,Devin Hodo,#F97316
36268,Devin Hodo,#F97316
36269,Devin Hodo,#F97316
36271,Devin Hodo,#F97316
36272,Devin Hodo,#F97316
36274,Devin Hodo,#F97316
36276,Devin Hodo,#F97316
36277,Devin Hodo,#F97316
36278,Devin Hodo,#F97316
36280,Devin Hodo,#F97316
36330,Devin Hodo,#F97316
36455,Devin Hodo,#F97316
36701,Devin Hodo,#F97316
36702,Devin Hodo,#F97316
36703,Devin Hodo,#F97316
36720,Devin Hodo,#F97316
36722,Devin Hodo,#F97316
36723,Devin Hodo,#F97316
36726,Devin Hodo,#F97316
36748,Devin Hodo,#F97316
36750,Devin Hodo,#F97316
36756,Devin Hodo,#F97316
36758,Devin Hodo,#F97316
36765,Devin Hodo,#F97316
36767,Devin Hodo,#F97316
36769,Devin Hodo,#F97316
36776,Devin Hodo,#F97316
36783,Devin Hodo,#F97316
36786,Devin Hodo,#F97316
36793,Devin Hodo,#F97316
36830,Devin Hodo,#F97316
36831,Devin Hodo,#F97316
36832,Devin Hodo,#F97316
36850,Devin Hodo,#F97316
36853,Devin Hodo,#F97316
36854,Devin Hodo,#F97316
36855,Devin Hodo,#F97316
36861,Devin Hodo,#F97316
36862,Devin Hodo,#F97316
36874,Devin Hodo,#F97316
36904,Devin Hodo,#F97316
38611,Devin Hodo,#F97316
38614,Devin Hodo,#F97316
38618,Devin Hodo,#F97316
38619,Devin Hodo,#F97316
38620,Devin Hodo,#F97316
38621,Devin Hodo,#F97316
38632,Devin Hodo,#F97316
38637,Devin Hodo,#F97316
38641,Devin Hodo,#F97316
38651,Devin Hodo,#F97316
38654,Devin Hodo,#F97316
38655,Devin Hodo,#F97316
38665,Devin Hodo,#F97316
38668,Devin Hodo,#F97316
38671,Devin Hodo,#F97316
38672,Devin Hodo,#F97316
38673,Devin Hodo,#F97316
38677,Devin Hodo,#F97316
38680,Devin Hodo,#F97316
38686,Devin Hodo,#F97316
38701,Devin Hodo,#F97316
38703,Devin Hodo,#F97316
38730,Devin Hodo,#F97316
38732,Devin Hodo,#F97316
38740,Devin Hodo,#F97316
38745,Devin Hodo,#F97316
38751,Devin Hodo,#F97316
38753,Devin Hodo,#F97316
38773,Devin Hodo,#F97316
38801,Devin Hodo,#F97316
38802,Devin Hodo,#F97316
38803,Devin Hodo,#F97316
38804,Devin Hodo,#F97316
38824,Devin Hodo,#F97316
38826,Devin Hodo,#F97316
38834,Devin Hodo,#F97316
38849,Devin Hodo,#F97316
38857,Devin Hodo,#F97316
38862,Devin Hodo,#F97316
38866,Devin Hodo,#F97316
38868,Devin Hodo,#F97316
38879,Devin Hodo,#F97316
38901,Devin Hodo,#F97316
38930,Devin Hodo,#F97316
39041,Devin Hodo,#F97316
39042,Devin Hodo,#F97316
39043,Devin Hodo,#F97316
39044,Devin Hodo,#F97316
39045,Devin Hodo,#F97316
39046,Devin Hodo,#F97316
39047,Devin Hodo,#F97316
39056,Devin Hodo,#F97316
39060,Devin Hodo,#F97316
39066,Devin Hodo,#F97316
39071,Devin Hodo,#F97316
39072,Devin Hodo,#F97316
39073,Devin Hodo,#F97316
39083,Devin Hodo,#F97316
39094,Devin Hodo,#F97316
39110,Devin Hodo,#F97316
39114,Devin Hodo,#F97316
39120,Devin Hodo,#F97316
39130,Devin Hodo,#F97316
39145,Devin Hodo,#F97316
39148,Devin Hodo,#F97316
39151,Devin Hodo,#F97316
39154,Devin Hodo,#F97316
39157,Devin Hodo,#F97316
39158,Devin Hodo,#F97316
39161,Devin Hodo,#F97316
39163,Devin Hodo,#F97316
39167,Devin Hodo,#F97316
39170,Devin Hodo,#F97316
39174,Devin Hodo,#F97316
39175,Devin Hodo,#F97316
39180,Devin Hodo,#F97316
39183,Devin Hodo,#F97316
39193,Devin Hodo,#F97316
39194,Devin Hodo,#F97316
39201,Devin Hodo,#F97316
39202,Devin Hodo,#F97316
39203,Devin Hodo,#F97316
39204,Devin Hodo,#F97316
39205,Devin Hodo,#F97316
39206,Devin Hodo,#F97316
39207,Devin Hodo,#F97316
39208,Devin Hodo,#F97316
39209,Devin Hodo,#F97316
39210,Devin Hodo,#F97316
39211,Devin Hodo,#F97316
39212,Devin Hodo,#F97316
39213,Devin Hodo,#F97316
39215,Devin Hodo,#F97316
39216,Devin Hodo,#F97316
39217,Devin Hodo,#F97316
39218,Devin Hodo,#F97316
39225,Devin Hodo,#F97316
39232,Devin Hodo,#F97316
39236,Devin Hodo,#F97316
39269,Devin Hodo,#F97316
39272,Devin Hodo,#F97316
39282,Devin Hodo,#F97316
39283,Devin Hodo,#F97316
39284,Devin Hodo,#F97316
39288,Devin Hodo,#F97316
39298,Devin Hodo,#F97316
39301,Devin Hodo,#F97316
39305,Devin Hodo,#F97316
39307,Devin Hodo,#F97316
39309,Devin Hodo,#F97316
39325,Devin Hodo,#F97316
39327,Devin Hodo,#F97316
39336,Devin Hodo,#F97316
39339,Devin Hodo,#F97316
39341,Devin Hodo,#F97316
39401,Devin Hodo,#F97316
39402,Devin Hodo,#F97316
39406,Devin Hodo,#F97316
39422,Devin Hodo,#F97316
39423,Devin Hodo,#F97316
39437,Devin Hodo,#F97316
39440,Devin Hodo,#F97316
39441,Devin Hodo,#F97316
39455,Devin Hodo,#F97316
39465,Devin Hodo,#F97316
39475,Devin Hodo,#F97316
39476,Devin Hodo,#F97316
39601,Devin Hodo,#F97316
39701,Devin Hodo,#F97316
39702,Devin Hodo,#F97316
39705,Devin Hodo,#F97316
39743,Devin Hodo,#F97316
39759,Devin Hodo,#F97316
39760,Devin Hodo,#F97316
39766,Devin Hodo,#F97316
39767,Devin Hodo,#F97316
39769,Devin Hodo,#F97316
39773,Devin Hodo,#F97316
39776,Devin Hodo,#F97316
362502,Devin Hodo,#F97316
73949,Kim Wallace,#A855F7
75070,Kim Wallace,#A855F7
75102,Kim Wallace,#A855F7
75103,Kim Wallace,#A855F7
75105,Kim Wallace,#A855F7
75150,Kim Wallace,#A855F7
75151,Kim Wallace,#A855F7
75152,Kim Wallace,#A855F7
75153,Kim Wallace,#A855F7
75154,Kim Wallace,#A855F7
75155,Kim Wallace,#A855F7
75156,Kim Wallace,#A855F7
75157,Kim Wallace,#A855F7
75158,Kim Wallace,#A855F7
75159,Kim Wallace,#A855F7
75160,Kim Wallace,#A855F7
75161,Kim Wallace,#A855F7
75163,Kim Wallace,#A855F7
75165,Kim Wallace,#A855F7
75166,Kim Wallace,#A855F7
75167,Kim Wallace,#A855F7
75168,Kim Wallace,#A855F7
75169,Kim Wallace,#A855F7
75172,Kim Wallace,#A855F7
75173,Kim Wallace,#A855F7
75180,Kim Wallace,#A855F7
75181,Kim Wallace,#A855F7
75182,Kim Wallace,#A855F7
75185,Kim Wallace,#A855F7
75187,Kim Wallace,#A855F7
75201,Kim Wallace,#A855F7
75202,Kim Wallace,#A855F7
75203,Kim Wallace,#A855F7
75204,Kim Wallace,#A855F7
75205,Kim Wallace,#A855F7
75206,Kim Wallace,#A855F7
75207,Kim Wallace,#A855F7
75208,Kim Wallace,#A855F7
75209,Kim Wallace,#A855F7
75210,Kim Wallace,#A855F7
75211,Kim Wallace,#A855F7
75212,Kim Wallace,#A855F7
75214,Kim Wallace,#A855F7
75215,Kim Wallace,#A855F7
75216,Kim Wallace,#A855F7
75217,Kim Wallace,#A855F7
75219,Kim Wallace,#A855F7
75223,Kim Wallace,#A855F7
75224,Kim Wallace,#A855F7
75225,Kim Wallace,#A855F7
75226,Kim Wallace,#A855F7
75227,Kim Wallace,#A855F7
75228,Kim Wallace,#A855F7
75229,Kim Wallace,#A855F7
75230,Kim Wallace,#A855F7
75231,Kim Wallace,#A855F7
75232,Kim Wallace,#A855F7
75233,Kim Wallace,#A855F7
75235,Kim Wallace,#A855F7
75236,Kim Wallace,#A855F7
75237,Kim Wallace,#A855F7
75238,Kim Wallace,#A855F7
75240,Kim Wallace,#A855F7
75241,Kim Wallace,#A855F7
75242,Kim Wallace,#A855F7
75243,Kim Wallace,#A855F7
75244,Kim Wallace,#A855F7
75245,Kim Wallace,#A855F7
75246,Kim Wallace,#A855F7
75247,Kim Wallace,#A855F7
75248,Kim Wallace,#A855F7
75249,Kim Wallace,#A855F7
75250,Kim Wallace,#A855F7
75251,Kim Wallace,#A855F7
75253,Kim Wallace,#A855F7
75254,Kim Wallace,#A855F7
75261,Kim Wallace,#A855F7
75390,Kim Wallace,#A855F7
75391,Kim Wallace,#A855F7
75392,Kim Wallace,#A855F7
75393,Kim Wallace,#A855F7
75394,Kim Wallace,#A855F7
75395,Kim Wallace,#A855F7
75396,Kim Wallace,#A855F7
75397,Kim Wallace,#A855F7
75398,Kim Wallace,#A855F7
75409,Kim Wallace,#A855F7
75442,Kim Wallace,#A855F7
75455,Kim Wallace,#A855F7
75457,Kim Wallace,#A855F7
75460,Kim Wallace,#A855F7
75495,Kim Wallace,#A855F7
75501,Kim Wallace,#A855F7
75790,Kim Wallace,#A855F7
75861,Kim Wallace,#A855F7
75972,Kim Wallace,#A855F7
76002,Kim Wallace,#A855F7
76003,Kim Wallace,#A855F7
76004,Kim Wallace,#A855F7
76005,Kim Wallace,#A855F7
76006,Kim Wallace,#A855F7
76007,Kim Wallace,#A855F7
76008,Kim Wallace,#A855F7
76009,Kim Wallace,#A855F7
76010,Kim Wallace,#A855F7
76011,Kim Wallace,#A855F7
76012,Kim Wallace,#A855F7
76013,Kim Wallace,#A855F7
76014,Kim Wallace,#A855F7
76015,Kim Wallace,#A855F7
76016,Kim Wallace,#A855F7
76017,Kim Wallace,#A855F7
76018,Kim Wallace,#A855F7
76019,Kim Wallace,#A855F7
76020,Kim Wallace,#A855F7
76021,Kim Wallace,#A855F7
76022,Kim Wallace,#A855F7
76023,Kim Wallace,#A855F7
76034,Kim Wallace,#A855F7
76035,Kim Wallace,#A855F7
76039,Kim Wallace,#A855F7
76040,Kim Wallace,#A855F7
76043,Kim Wallace,#A855F7
76048,Kim Wallace,#A855F7
76049,Kim Wallace,#A855F7
76051,Kim Wallace,#A855F7
76052,Kim Wallace,#A855F7
76053,Kim Wallace,#A855F7
76054,Kim Wallace,#A855F7
76058,Kim Wallace,#A855F7
76070,Kim Wallace,#A855F7
76086,Kim Wallace,#A855F7
76088,Kim Wallace,#A855F7
76092,Kim Wallace,#A855F7
76094,Kim Wallace,#A855F7
76095,Kim Wallace,#A855F7
76096,Kim Wallace,#A855F7
76097,Kim Wallace,#A855F7
76098,Kim Wallace,#A855F7
76099,Kim Wallace,#A855F7
76102,Kim Wallace,#A855F7
76103,Kim Wallace,#A855F7
76104,Kim Wallace,#A855F7
76105,Kim Wallace,#A855F7
76106,Kim Wallace,#A855F7
76107,Kim Wallace,#A855F7
76108,Kim Wallace,#A855F7
76109,Kim Wallace,#A855F7
76110,Kim Wallace,#A855F7
76111,Kim Wallace,#A855F7
76112,Kim Wallace,#A855F7
76113,Kim Wallace,#A855F7
76114,Kim Wallace,#A855F7
76115,Kim Wallace,#A855F7
76116,Kim Wallace,#A855F7
76117,Kim Wallace,#A855F7
76119,Kim Wallace,#A855F7
76120,Kim Wallace,#A855F7
76121,Kim Wallace,#A855F7
76122,Kim Wallace,#A855F7
76123,Kim Wallace,#A855F7
76124,Kim Wallace,#A855F7
76127,Kim Wallace,#A855F7
76129,Kim Wallace,#A855F7
76130,Kim Wallace,#A855F7
76131,Kim Wallace,#A855F7
76132,Kim Wallace,#A855F7
76133,Kim Wallace,#A855F7
76134,Kim Wallace,#A855F7
76135,Kim Wallace,#A855F7
76136,Kim Wallace,#A855F7
76140,Kim Wallace,#A855F7
76148,Kim Wallace,#A855F7
76164,Kim Wallace,#A855F7
76182,Kim Wallace,#A855F7
76201,Kim Wallace,#A855F7
76202,Kim Wallace,#A855F7
76203,Kim Wallace,#A855F7
76204,Kim Wallace,#A855F7
76205,Kim Wallace,#A855F7
76206,Kim Wallace,#A855F7
76207,Kim Wallace,#A855F7
76208,Kim Wallace,#A855F7
76209,Kim Wallace,#A855F7
76210,Kim Wallace,#A855F7
76225,Kim Wallace,#A855F7
76226,Kim Wallace,#A855F7
76228,Kim Wallace,#A855F7
76230,Kim Wallace,#A855F7
76233,Kim Wallace,#A855F7
76234,Kim Wallace,#A855F7
76238,Kim Wallace,#A855F7
76239,Kim Wallace,#A855F7
76240,Kim Wallace,#A855F7
76241,Kim Wallace,#A855F7
76244,Kim Wallace,#A855F7
76245,Kim Wallace,#A855F7
76246,Kim Wallace,#A855F7
76249,Kim Wallace,#A855F7
76250,Kim Wallace,#A855F7
76251,Kim Wallace,#A855F7
76252,Kim Wallace,#A855F7
76253,Kim Wallace,#A855F7
76255,Kim Wallace,#A855F7
76258,Kim Wallace,#A855F7
76259,Kim Wallace,#A855F7
76261,Kim Wallace,#A855F7
76263,Kim Wallace,#A855F7
76264,Kim Wallace,#A855F7
76265,Kim Wallace,#A855F7
76266,Kim Wallace,#A855F7
76267,Kim Wallace,#A855F7
76268,Kim Wallace,#A855F7
76270,Kim Wallace,#A855F7
76271,Kim Wallace,#A855F7
76272,Kim Wallace,#A855F7
76273,Kim Wallace,#A855F7
76365,Kim Wallace,#A855F7
76367,Kim Wallace,#A855F7
76370,Kim Wallace,#A855F7
76372,Kim Wallace,#A855F7
76374,Kim Wallace,#A855F7
76380,Kim Wallace,#A855F7
76388,Kim Wallace,#A855F7
76389,Kim Wallace,#A855F7
76402,Kim Wallace,#A855F7
76424,Kim Wallace,#A855F7
76426,Kim Wallace,#A855F7
76427,Kim Wallace,#A855F7
76428,Kim Wallace,#A855F7
76429,Kim Wallace,#A855F7
76430,Kim Wallace,#A855F7
76431,Kim Wallace,#A855F7
76432,Kim Wallace,#A855F7
76433,Kim Wallace,#A855F7
76435,Kim Wallace,#A855F7
76436,Kim Wallace,#A855F7
76437,Kim Wallace,#A855F7
76442,Kim Wallace,#A855F7
76443,Kim Wallace,#A855F7
76444,Kim Wallace,#A855F7
76445,Kim Wallace,#A855F7
76446,Kim Wallace,#A855F7
76448,Kim Wallace,#A855F7
76449,Kim Wallace,#A855F7
76450,Kim Wallace,#A855F7
76453,Kim Wallace,#A855F7
76460,Kim Wallace,#A855F7
76462,Kim Wallace,#A855F7
76463,Kim Wallace,#A855F7
76470,Kim Wallace,#A855F7
76471,Kim Wallace,#A855F7
76472,Kim Wallace,#A855F7
76475,Kim Wallace,#A855F7
76483,Kim Wallace,#A855F7
76484,Kim Wallace,#A855F7
76550,Kim Wallace,#A855F7
76577,Kim Wallace,#A855F7
76635,Kim Wallace,#A855F7
76641,Kim Wallace,#A855F7
76649,Kim Wallace,#A855F7
76651,Kim Wallace,#A855F7
76832,Kim Wallace,#A855F7
76844,Kim Wallace,#A855F7
76854,Kim Wallace,#A855F7
76870,Kim Wallace,#A855F7
76872,Kim Wallace,#A855F7
76890,Kim Wallace,#A855F7
78010,Kim Wallace,#A855F7
78016,Kim Wallace,#A855F7
78023,Kim Wallace,#A855F7
78027,Kim Wallace,#A855F7
78029,Kim Wallace,#A855F7
78063,Kim Wallace,#A855F7
78066,Kim Wallace,#A855F7
78074,Kim Wallace,#A855F7
78101,Kim Wallace,#A855F7
78121,Kim Wallace,#A855F7
78249,Kim Wallace,#A855F7
78250,Kim Wallace,#A855F7
78255,Kim Wallace,#A855F7
78257,Kim Wallace,#A855F7
78258,Kim Wallace,#A855F7
78259,Kim Wallace,#A855F7
78260,Kim Wallace,#A855F7
78261,Kim Wallace,#A855F7
78266,Kim Wallace,#A855F7
78606,Kim Wallace,#A855F7
78611,Kim Wallace,#A855F7
78612,Kim Wallace,#A855F7
78616,Kim Wallace,#A855F7
78617,Kim Wallace,#A855F7
78618,Kim Wallace,#A855F7
78619,Kim Wallace,#A855F7
78631,Kim Wallace,#A855F7
78638,Kim Wallace,#A855F7
78860,Kim Wallace,#A855F7
78872,Kim Wallace,#A855F7
78883,Kim Wallace,#A855F7
79031,Kim Wallace,#A855F7
79051,Kim Wallace,#A855F7
79225,Kim Wallace,#A855F7
79313,Kim Wallace,#A855F7
79330,Kim Wallace,#A855F7
79342,Kim Wallace,#A855F7
79359,Kim Wallace,#A855F7
79373,Kim Wallace,#A855F7
79527,Kim Wallace,#A855F7
79537,Kim Wallace,#A855F7
79539,Kim Wallace,#A855F7
79545,Kim Wallace,#A855F7
79549,Kim Wallace,#A855F7
79567,Kim Wallace,#A855F7
79713,Kim Wallace,#A855F7
79912,Kim Wallace,#A855F7
79924,Kim Wallace,#A855F7
79927,Kim Wallace,#A855F7
79063,Kim Wallace,#A855F7
79312,Kim Wallace,#A855F7
79041,Kim Wallace,#A855F7
79250,Kim Wallace,#A855F7
79339,Kim Wallace,#A855F7
79323,Kim Wallace,#A855F7
79311,Kim Wallace,#A855F7
79329,Kim Wallace,#A855F7
79338,Kim Wallace,#A855F7
79234,Kim Wallace,#A855F7
79255,Kim Wallace,#A855F7
79237,Kim Wallace,#A855F7
79251,Kim Wallace,#A855F7
79217,Kim Wallace,#A855F7
79219,Kim Wallace,#A855F7
76958,Kim Wallace,#A855F7
79547,Kim Wallace,#A855F7
76855,Kim Wallace,#A855F7
76880,Kim Wallace,#A855F7
79607,Kim Wallace,#A855F7
79519,Kim Wallace,#A855F7
76882,Kim Wallace,#A855F7
76845,Kim Wallace,#A855F7
76836,Kim Wallace,#A855F7
76938,Kim Wallace,#A855F7
76837,Kim Wallace,#A855F7
76520,Kim Wallace,#A855F7
76936,Kim Wallace,#A855F7
76939,Kim Wallace,#A855F7
76930,Kim Wallace,#A855F7
79005,Kim Wallace,#A855F7
79024,Kim Wallace,#A855F7
79093,Kim Wallace,#A855F7
79029,Kim Wallace,#A855F7
78851,Kim Wallace,#A855F7
79013,Kim Wallace,#A855F7
79058,Kim Wallace,#A855F7
79080,Kim Wallace,#A855F7
78040,Kim Wallace,#A855F7
79011,Kim Wallace,#A855F7
75555,Kim Wallace,#A855F7
75657,Kim Wallace,#A855F7
75656,Kim Wallace,#A855F7
75686,Kim Wallace,#A855F7
79781,Kim Wallace,#A855F7
78248,Kim Wallace,#A855F7
79351,Kim Wallace,#A855F7
76371,Kim Wallace,#A855F7
76363,Kim Wallace,#A855F7
79505,Kim Wallace,#A855F7
76366,Kim Wallace,#A855F7
76306,Kim Wallace,#A855F7
76311,Kim Wallace,#A855F7
76377,Kim Wallace,#A855F7
76357,Kim Wallace,#A855F7
76379,Kim Wallace,#A855F7
76459,Kim Wallace,#A855F7
75574,Kim Wallace,#A855F7
75571,Kim Wallace,#A855F7
75668,Kim Wallace,#A855F7
75630,Kim Wallace,#A855F7
75755,Kim Wallace,#A855F7
75765,Kim Wallace,#A855F7
78065,Kim Wallace,#A855F7
78064,Kim Wallace,#A855F7
79322,Kim Wallace,#A855F7
79381,Kim Wallace,#A855F7
75476,Kim Wallace,#A855F7
75438,Kim Wallace,#A855F7
75470,Kim Wallace,#A855F7
75496,Kim Wallace,#A855F7
75424,Kim Wallace,#A855F7
75441,Kim Wallace,#A855F7
75434,Kim Wallace,#A855F7
78838,Kim Wallace,#A855F7
78850,Kim Wallace,#A855F7
78870,Kim Wallace,#A855F7
78059,Kim Wallace,#A855F7
78069,Kim Wallace,#A855F7
78050,Kim Wallace,#A855F7
78829,Kim Wallace,#A855F7
78839,Kim Wallace,#A855F7
78119,Kim Wallace,#A855F7
78164,Kim Wallace,#A855F7
78160,Kim Wallace,#A855F7
51501,Tony Schmitz,#8B5CF6
51502,Tony Schmitz,#8B5CF6
51503,Tony Schmitz,#8B5CF6
50001,Tony Schmitz,#8B5CF6
50002,Tony Schmitz,#8B5CF6
50003,Tony Schmitz,#8B5CF6
50004,Tony Schmitz,#8B5CF6
50005,Tony Schmitz,#8B5CF6
50006,Tony Schmitz,#8B5CF6
50007,Tony Schmitz,#8B5CF6
50008,Tony Schmitz,#8B5CF6
50009,Tony Schmitz,#8B5CF6
50010,Tony Schmitz,#8B5CF6
50011,Tony Schmitz,#8B5CF6
50012,Tony Schmitz,#8B5CF6
50013,Tony Schmitz,#8B5CF6
50014,Tony Schmitz,#8B5CF6
50015,Tony Schmitz,#8B5CF6
50016,Tony Schmitz,#8B5CF6
50017,Tony Schmitz,#8B5CF6
50018,Tony Schmitz,#8B5CF6
50019,Tony Schmitz,#8B5CF6
50020,Tony Schmitz,#8B5CF6
50021,Tony Schmitz,#8B5CF6
50022,Tony Schmitz,#8B5CF6
50023,Tony Schmitz,#8B5CF6
50024,Tony Schmitz,#8B5CF6
50025,Tony Schmitz,#8B5CF6
50026,Tony Schmitz,#8B5CF6
50027,Tony Schmitz,#8B5CF6
50028,Tony Schmitz,#8B5CF6
50029,Tony Schmitz,#8B5CF6
50030,Tony Schmitz,#8B5CF6
50031,Tony Schmitz,#8B5CF6
50032,Tony Schmitz,#8B5CF6
50033,Tony Schmitz,#8B5CF6
50034,Tony Schmitz,#8B5CF6
50035,Tony Schmitz,#8B5CF6
50036,Tony Schmitz,#8B5CF6
50037,Tony Schmitz,#8B5CF6
50038,Tony Schmitz,#8B5CF6
50039,Tony Schmitz,#8B5CF6
50040,Tony Schmitz,#8B5CF6
50041,Tony Schmitz,#8B5CF6
50042,Tony Schmitz,#8B5CF6
50043,Tony Schmitz,#8B5CF6
50044,Tony Schmitz,#8B5CF6
50045,Tony Schmitz,#8B5CF6
50046,Tony Schmitz,#8B5CF6
50047,Tony Schmitz,#8B5CF6
50048,Tony Schmitz,#8B5CF6
50049,Tony Schmitz,#8B5CF6
50050,Tony Schmitz,#8B5CF6
50051,Tony Schmitz,#8B5CF6
50052,Tony Schmitz,#8B5CF6
50053,Tony Schmitz,#8B5CF6
50054,Tony Schmitz,#8B5CF6
50055,Tony Schmitz,#8B5CF6
50056,Tony Schmitz,#8B5CF6
50057,Tony Schmitz,#8B5CF6
50058,Tony Schmitz,#8B5CF6
50059,Tony Schmitz,#8B5CF6
50060,Tony Schmitz,#8B5CF6
50061,Tony Schmitz,#8B5CF6
50062,Tony Schmitz,#8B5CF6
50063,Tony Schmitz,#8B5CF6
50064,Tony Schmitz,#8B5CF6
50065,Tony Schmitz,#8B5CF6
50066,Tony Schmitz,#8B5CF6
50067,Tony Schmitz,#8B5CF6
50068,Tony Schmitz,#8B5CF6
50069,Tony Schmitz,#8B5CF6
50070,Tony Schmitz,#8B5CF6
50071,Tony Schmitz,#8B5CF6
50072,Tony Schmitz,#8B5CF6
50073,Tony Schmitz,#8B5CF6
50074,Tony Schmitz,#8B5CF6
50075,Tony Schmitz,#8B5CF6
50076,Tony Schmitz,#8B5CF6
50077,Tony Schmitz,#8B5CF6
50078,Tony Schmitz,#8B5CF6
50079,Tony Schmitz,#8B5CF6
50080,Tony Schmitz,#8B5CF6
50081,Tony Schmitz,#8B5CF6
50082,Tony Schmitz,#8B5CF6
50083,Tony Schmitz,#8B5CF6
50084,Tony Schmitz,#8B5CF6
50085,Tony Schmitz,#8B5CF6
50086,Tony Schmitz,#8B5CF6
50087,Tony Schmitz,#8B5CF6
50088,Tony Schmitz,#8B5CF6
50089,Tony Schmitz,#8B5CF6
50090,Tony Schmitz,#8B5CF6
50091,Tony Schmitz,#8B5CF6
50092,Tony Schmitz,#8B5CF6
50093,Tony Schmitz,#8B5CF6
50094,Tony Schmitz,#8B5CF6
50095,Tony Schmitz,#8B5CF6
50096,Tony Schmitz,#8B5CF6
50097,Tony Schmitz,#8B5CF6
50098,Tony Schmitz,#8B5CF6
50099,Tony Schmitz,#8B5CF6
50100,Tony Schmitz,#8B5CF6
50101,Tony Schmitz,#8B5CF6
50102,Tony Schmitz,#8B5CF6
50103,Tony Schmitz,#8B5CF6
50104,Tony Schmitz,#8B5CF6
50105,Tony Schmitz,#8B5CF6
50106,Tony Schmitz,#8B5CF6
50107,Tony Schmitz,#8B5CF6
50108,Tony Schmitz,#8B5CF6
50109,Tony Schmitz,#8B5CF6
50110,Tony Schmitz,#8B5CF6
50111,Tony Schmitz,#8B5CF6
50112,Tony Schmitz,#8B5CF6
50113,Tony Schmitz,#8B5CF6
50114,Tony Schmitz,#8B5CF6
50115,Tony Schmitz,#8B5CF6
50116,Tony Schmitz,#8B5CF6
50117,Tony Schmitz,#8B5CF6
50118,Tony Schmitz,#8B5CF6
50119,Tony Schmitz,#8B5CF6
50120,Tony Schmitz,#8B5CF6
50121,Tony Schmitz,#8B5CF6
50122,Tony Schmitz,#8B5CF6
50123,Tony Schmitz,#8B5CF6
50124,Tony Schmitz,#8B5CF6
50125,Tony Schmitz,#8B5CF6
50126,Tony Schmitz,#8B5CF6
50127,Tony Schmitz,#8B5CF6
50128,Tony Schmitz,#8B5CF6
50129,Tony Schmitz,#8B5CF6
50130,Tony Schmitz,#8B5CF6
50131,Tony Schmitz,#8B5CF6
50132,Tony Schmitz,#8B5CF6
50133,Tony Schmitz,#8B5CF6
50134,Tony Schmitz,#8B5CF6
50135,Tony Schmitz,#8B5CF6
50136,Tony Schmitz,#8B5CF6
50137,Tony Schmitz,#8B5CF6
50138,Tony Schmitz,#8B5CF6
50139,Tony Schmitz,#8B5CF6
50140,Tony Schmitz,#8B5CF6
50141,Tony Schmitz,#8B5CF6
50142,Tony Schmitz,#8B5CF6
50143,Tony Schmitz,#8B5CF6
50144,Tony Schmitz,#8B5CF6
50145,Tony Schmitz,#8B5CF6
50146,Tony Schmitz,#8B5CF6
50147,Tony Schmitz,#8B5CF6
50148,Tony Schmitz,#8B5CF6
50149,Tony Schmitz,#8B5CF6
50150,Tony Schmitz,#8B5CF6
50151,Tony Schmitz,#8B5CF6
50152,Tony Schmitz,#8B5CF6
50153,Tony Schmitz,#8B5CF6
50154,Tony Schmitz,#8B5CF6
50155,Tony Schmitz,#8B5CF6
50156,Tony Schmitz,#8B5CF6
50157,Tony Schmitz,#8B5CF6
50158,Tony Schmitz,#8B5CF6
50159,Tony Schmitz,#8B5CF6
50160,Tony Schmitz,#8B5CF6
50161,Tony Schmitz,#8B5CF6
50162,Tony Schmitz,#8B5CF6
50163,Tony Schmitz,#8B5CF6
50164,Tony Schmitz,#8B5CF6
50165,Tony Schmitz,#8B5CF6
50166,Tony Schmitz,#8B5CF6
50167,Tony Schmitz,#8B5CF6
50168,Tony Schmitz,#8B5CF6
50169,Tony Schmitz,#8B5CF6
50170,Tony Schmitz,#8B5CF6
50171,Tony Schmitz,#8B5CF6
50172,Tony Schmitz,#8B5CF6
50173,Tony Schmitz,#8B5CF6
50174,Tony Schmitz,#8B5CF6
50175,Tony Schmitz,#8B5CF6
50176,Tony Schmitz,#8B5CF6
50177,Tony Schmitz,#8B5CF6
50178,Tony Schmitz,#8B5CF6
50179,Tony Schmitz,#8B5CF6
50180,Tony Schmitz,#8B5CF6
50181,Tony Schmitz,#8B5CF6
50182,Tony Schmitz,#8B5CF6
50183,Tony Schmitz,#8B5CF6
50184,Tony Schmitz,#8B5CF6
50185,Tony Schmitz,#8B5CF6
50186,Tony Schmitz,#8B5CF6
50187,Tony Schmitz,#8B5CF6
50188,Tony Schmitz,#8B5CF6
50189,Tony Schmitz,#8B5CF6
50190,Tony Schmitz,#8B5CF6
50191,Tony Schmitz,#8B5CF6
50192,Tony Schmitz,#8B5CF6
50193,Tony Schmitz,#8B5CF6
50194,Tony Schmitz,#8B5CF6
50195,Tony Schmitz,#8B5CF6
50196,Tony Schmitz,#8B5CF6
50197,Tony Schmitz,#8B5CF6
50198,Tony Schmitz,#8B5CF6
50199,Tony Schmitz,#8B5CF6
50200,Tony Schmitz,#8B5CF6
50201,Tony Schmitz,#8B5CF6
50202,Tony Schmitz,#8B5CF6
50203,Tony Schmitz,#8B5CF6
50204,Tony Schmitz,#8B5CF6
50205,Tony Schmitz,#8B5CF6
50206,Tony Schmitz,#8B5CF6
50207,Tony Schmitz,#8B5CF6
50208,Tony Schmitz,#8B5CF6
50209,Tony Schmitz,#8B5CF6
50210,Tony Schmitz,#8B5CF6
50211,Tony Schmitz,#8B5CF6
50212,Tony Schmitz,#8B5CF6
50213,Tony Schmitz,#8B5CF6
50214,Tony Schmitz,#8B5CF6
50215,Tony Schmitz,#8B5CF6
50216,Tony Schmitz,#8B5CF6
50217,Tony Schmitz,#8B5CF6
75106,Jason Binyon,#EF4444
75107,Jason Binyon,#EF4444
75108,Jason Binyon,#EF4444
75109,Jason Binyon,#EF4444
75110,Jason Binyon,#EF4444
75114,Jason Binyon,#EF4444
75115,Jason Binyon,#EF4444
75116,Jason Binyon,#EF4444
75117,Jason Binyon,#EF4444
75118,Jason Binyon,#EF4444
75119,Jason Binyon,#EF4444
75120,Jason Binyon,#EF4444
75121,Jason Binyon,#EF4444
75122,Jason Binyon,#EF4444
75123,Jason Binyon,#EF4444
75124,Jason Binyon,#EF4444
75125,Jason Binyon,#EF4444
75126,Jason Binyon,#EF4444
75127,Jason Binyon,#EF4444
75134,Jason Binyon,#EF4444
75135,Jason Binyon,#EF4444
75137,Jason Binyon,#EF4444
75138,Jason Binyon,#EF4444
75140,Jason Binyon,#EF4444
75141,Jason Binyon,#EF4444
75142,Jason Binyon,#EF4444
75143,Jason Binyon,#EF4444
75144,Jason Binyon,#EF4444
75146,Jason Binyon,#EF4444
75147,Jason Binyon,#EF4444
75148,Jason Binyon,#EF4444
75189,Jason Binyon,#EF4444
75252,Jason Binyon,#EF4444
75287,Jason Binyon,#EF4444
75459,Jason Binyon,#EF4444
75601,Jason Binyon,#EF4444
75602,Jason Binyon,#EF4444
75603,Jason Binyon,#EF4444
75605,Jason Binyon,#EF4444
75606,Jason Binyon,#EF4444
75607,Jason Binyon,#EF4444
75608,Jason Binyon,#EF4444
75631,Jason Binyon,#EF4444
75633,Jason Binyon,#EF4444
75647,Jason Binyon,#EF4444
75650,Jason Binyon,#EF4444
75652,Jason Binyon,#EF4444
75653,Jason Binyon,#EF4444
75654,Jason Binyon,#EF4444
75662,Jason Binyon,#EF4444
75663,Jason Binyon,#EF4444
75670,Jason Binyon,#EF4444
75671,Jason Binyon,#EF4444
75672,Jason Binyon,#EF4444
75682,Jason Binyon,#EF4444
75684,Jason Binyon,#EF4444
75691,Jason Binyon,#EF4444
75701,Jason Binyon,#EF4444
75702,Jason Binyon,#EF4444
75703,Jason Binyon,#EF4444
75704,Jason Binyon,#EF4444
75705,Jason Binyon,#EF4444
75706,Jason Binyon,#EF4444
75707,Jason Binyon,#EF4444
75708,Jason Binyon,#EF4444
75709,Jason Binyon,#EF4444
75710,Jason Binyon,#EF4444
75711,Jason Binyon,#EF4444
75712,Jason Binyon,#EF4444
75713,Jason Binyon,#EF4444
75750,Jason Binyon,#EF4444
75757,Jason Binyon,#EF4444
75762,Jason Binyon,#EF4444
75766,Jason Binyon,#EF4444
75771,Jason Binyon,#EF4444
75785,Jason Binyon,#EF4444
75799,Jason Binyon,#EF4444
76028,Jason Binyon,#EF4444
76126,Jason Binyon,#EF4444
76137,Jason Binyon,#EF4444
76179,Jason Binyon,#EF4444
76621,Jason Binyon,#EF4444
76628,Jason Binyon,#EF4444
76631,Jason Binyon,#EF4444
76645,Jason Binyon,#EF4444
76692,Jason Binyon,#EF4444
76693,Jason Binyon,#EF4444
76694,Jason Binyon,#EF4444
76695,Jason Binyon,#EF4444
76696,Jason Binyon,#EF4444
76697,Jason Binyon,#EF4444
76698,Jason Binyon,#EF4444
76699,Jason Binyon,#EF4444
76701,Jason Binyon,#EF4444
76702,Jason Binyon,#EF4444
76703,Jason Binyon,#EF4444
76704,Jason Binyon,#EF4444
76705,Jason Binyon,#EF4444
76707,Jason Binyon,#EF4444
76708,Jason Binyon,#EF4444
76710,Jason Binyon,#EF4444
76711,Jason Binyon,#EF4444
76714,Jason Binyon,#EF4444
76715,Jason Binyon,#EF4444
76716,Jason Binyon,#EF4444
76795,Jason Binyon,#EF4444
76797,Jason Binyon,#EF4444
76798,Jason Binyon,#EF4444
76799,Jason Binyon,#EF4444
76824,Jason Binyon,#EF4444
76825,Jason Binyon,#EF4444
76849,Jason Binyon,#EF4444
76858,Jason Binyon,#EF4444
76951,Jason Binyon,#EF4444
78002,Jason Binyon,#EF4444
78003,Jason Binyon,#EF4444
78004,Jason Binyon,#EF4444
78006,Jason Binyon,#EF4444
78009,Jason Binyon,#EF4444
78013,Jason Binyon,#EF4444
78015,Jason Binyon,#EF4444
78019,Jason Binyon,#EF4444
78024,Jason Binyon,#EF4444
78025,Jason Binyon,#EF4444
78028,Jason Binyon,#EF4444
78045,Jason Binyon,#EF4444
78055,Jason Binyon,#EF4444
78056,Jason Binyon,#EF4444
78058,Jason Binyon,#EF4444
78070,Jason Binyon,#EF4444
78108,Jason Binyon,#EF4444
78109,Jason Binyon,#EF4444
78112,Jason Binyon,#EF4444
78123,Jason Binyon,#EF4444
78124,Jason Binyon,#EF4444
78125,Jason Binyon,#EF4444
78130,Jason Binyon,#EF4444
78132,Jason Binyon,#EF4444
78133,Jason Binyon,#EF4444
78135,Jason Binyon,#EF4444
78154,Jason Binyon,#EF4444
78155,Jason Binyon,#EF4444
78156,Jason Binyon,#EF4444
78163,Jason Binyon,#EF4444
78213,Jason Binyon,#EF4444
78217,Jason Binyon,#EF4444
78240,Jason Binyon,#EF4444
78245,Jason Binyon,#EF4444
78253,Jason Binyon,#EF4444
78254,Jason Binyon,#EF4444
78572,Jason Binyon,#EF4444
78602,Jason Binyon,#EF4444
78610,Jason Binyon,#EF4444
78613,Jason Binyon,#EF4444
78620,Jason Binyon,#EF4444
78621,Jason Binyon,#EF4444
78622,Jason Binyon,#EF4444
78623,Jason Binyon,#EF4444
78624,Jason Binyon,#EF4444
78625,Jason Binyon,#EF4444
78629,Jason Binyon,#EF4444
78636,Jason Binyon,#EF4444
78639,Jason Binyon,#EF4444
78640,Jason Binyon,#EF4444
78641,Jason Binyon,#EF4444
78642,Jason Binyon,#EF4444
78643,Jason Binyon,#EF4444
78644,Jason Binyon,#EF4444
78645,Jason Binyon,#EF4444
78646,Jason Binyon,#EF4444
78648,Jason Binyon,#EF4444
78652,Jason Binyon,#EF4444
78653,Jason Binyon,#EF4444
78654,Jason Binyon,#EF4444
78655,Jason Binyon,#EF4444
78656,Jason Binyon,#EF4444
78657,Jason Binyon,#EF4444
78659,Jason Binyon,#EF4444
78660,Jason Binyon,#EF4444
78661,Jason Binyon,#EF4444
78662,Jason Binyon,#EF4444
78663,Jason Binyon,#EF4444
78665,Jason Binyon,#EF4444
78667,Jason Binyon,#EF4444
78669,Jason Binyon,#EF4444
78670,Jason Binyon,#EF4444
78671,Jason Binyon,#EF4444
78672,Jason Binyon,#EF4444
78673,Jason Binyon,#EF4444
78674,Jason Binyon,#EF4444
78675,Jason Binyon,#EF4444
78676,Jason Binyon,#EF4444
78681,Jason Binyon,#EF4444
78682,Jason Binyon,#EF4444
78683,Jason Binyon,#EF4444
78685,Jason Binyon,#EF4444
78691,Jason Binyon,#EF4444
78692,Jason Binyon,#EF4444
78693,Jason Binyon,#EF4444
78694,Jason Binyon,#EF4444
78695,Jason Binyon,#EF4444
78696,Jason Binyon,#EF4444
78697,Jason Binyon,#EF4444
78698,Jason Binyon,#EF4444
78699,Jason Binyon,#EF4444
78701,Jason Binyon,#EF4444
78702,Jason Binyon,#EF4444
78703,Jason Binyon,#EF4444
78704,Jason Binyon,#EF4444
78705,Jason Binyon,#EF4444
78712,Jason Binyon,#EF4444
78717,Jason Binyon,#EF4444
78719,Jason Binyon,#EF4444
78721,Jason Binyon,#EF4444
78722,Jason Binyon,#EF4444
78723,Jason Binyon,#EF4444
78724,Jason Binyon,#EF4444
78725,Jason Binyon,#EF4444
78726,Jason Binyon,#EF4444
78727,Jason Binyon,#EF4444
78728,Jason Binyon,#EF4444
78729,Jason Binyon,#EF4444
78730,Jason Binyon,#EF4444
78731,Jason Binyon,#EF4444
78732,Jason Binyon,#EF4444
78733,Jason Binyon,#EF4444
78734,Jason Binyon,#EF4444
78735,Jason Binyon,#EF4444
78736,Jason Binyon,#EF4444
78737,Jason Binyon,#EF4444
78738,Jason Binyon,#EF4444
78739,Jason Binyon,#EF4444
78741,Jason Binyon,#EF4444
78742,Jason Binyon,#EF4444
78744,Jason Binyon,#EF4444
78745,Jason Binyon,#EF4444
78746,Jason Binyon,#EF4444
78747,Jason Binyon,#EF4444
78749,Jason Binyon,#EF4444
78750,Jason Binyon,#EF4444
78751,Jason Binyon,#EF4444
78752,Jason Binyon,#EF4444
78753,Jason Binyon,#EF4444
78754,Jason Binyon,#EF4444
78756,Jason Binyon,#EF4444
78757,Jason Binyon,#EF4444
78758,Jason Binyon,#EF4444
78759,Jason Binyon,#EF4444
78801,Jason Binyon,#EF4444
78832,Jason Binyon,#EF4444
78833,Jason Binyon,#EF4444
78840,Jason Binyon,#EF4444
78841,Jason Binyon,#EF4444
78842,Jason Binyon,#EF4444
78853,Jason Binyon,#EF4444
78861,Jason Binyon,#EF4444
78873,Jason Binyon,#EF4444
79006,Jason Binyon,#EF4444
79009,Jason Binyon,#EF4444
79010,Jason Binyon,#EF4444
79014,Jason Binyon,#EF4444
79018,Jason Binyon,#EF4444
79019,Jason Binyon,#EF4444
79036,Jason Binyon,#EF4444
79044,Jason Binyon,#EF4444
79045,Jason Binyon,#EF4444
79046,Jason Binyon,#EF4444
79060,Jason Binyon,#EF4444
79065,Jason Binyon,#EF4444
79068,Jason Binyon,#EF4444
79070,Jason Binyon,#EF4444
79072,Jason Binyon,#EF4444
79082,Jason Binyon,#EF4444
79084,Jason Binyon,#EF4444
79086,Jason Binyon,#EF4444
79088,Jason Binyon,#EF4444
79094,Jason Binyon,#EF4444
79227,Jason Binyon,#EF4444
79248,Jason Binyon,#EF4444
79257,Jason Binyon,#EF4444
79331,Jason Binyon,#EF4444
79347,Jason Binyon,#EF4444
79356,Jason Binyon,#EF4444
79360,Jason Binyon,#EF4444
79370,Jason Binyon,#EF4444
79511,Jason Binyon,#EF4444
79512,Jason Binyon,#EF4444
79526,Jason Binyon,#EF4444
79701,Jason Binyon,#EF4444
79702,Jason Binyon,#EF4444
79703,Jason Binyon,#EF4444
79704,Jason Binyon,#EF4444
79705,Jason Binyon,#EF4444
79706,Jason Binyon,#EF4444
79707,Jason Binyon,#EF4444
79708,Jason Binyon,#EF4444
79710,Jason Binyon,#EF4444
79711,Jason Binyon,#EF4444
79712,Jason Binyon,#EF4444
79714,Jason Binyon,#EF4444
79719,Jason Binyon,#EF4444
79720,Jason Binyon,#EF4444
79731,Jason Binyon,#EF4444
79735,Jason Binyon,#EF4444
79739,Jason Binyon,#EF4444
79741,Jason Binyon,#EF4444
79742,Jason Binyon,#EF4444
79743,Jason Binyon,#EF4444
79744,Jason Binyon,#EF4444
79745,Jason Binyon,#EF4444
79749,Jason Binyon,#EF4444
79752,Jason Binyon,#EF4444
79756,Jason Binyon,#EF4444
79759,Jason Binyon,#EF4444
79760,Jason Binyon,#EF4444
79761,Jason Binyon,#EF4444
79762,Jason Binyon,#EF4444
79763,Jason Binyon,#EF4444
79764,Jason Binyon,#EF4444
79765,Jason Binyon,#EF4444
79766,Jason Binyon,#EF4444
79768,Jason Binyon,#EF4444
79772,Jason Binyon,#EF4444
79778,Jason Binyon,#EF4444
79782,Jason Binyon,#EF4444
79789,Jason Binyon,#EF4444
79936,Jason Binyon,#EF4444
79938,Jason Binyon,#EF4444
78834,Jason Binyon,#EF4444
78061,Jason Binyon,#EF4444
78114,Jason Binyon,#EF4444
78151,Jason Binyon,#EF4444
77987,Jason Binyon,#EF4444
78941,Jason Binyon,#EF4444
78945,Jason Binyon,#EF4444
78957,Jason Binyon,#EF4444
78632,Jason Binyon,#EF4444
79083,Jason Binyon,#EF4444
79062,Jason Binyon,#EF4444
79097,Jason Binyon,#EF4444
,,#9CA3AF
75001,John Roberts,#EAB308
75002,John Roberts,#EAB308
75006,John Roberts,#EAB308
75007,John Roberts,#EAB308
75009,John Roberts,#EAB308
75010,John Roberts,#EAB308
75011,John Roberts,#EAB308
75013,John Roberts,#EAB308
75014,John Roberts,#EAB308
75015,John Roberts,#EAB308
75016,John Roberts,#EAB308
75019,John Roberts,#EAB308
75020,John Roberts,#EAB308
75021,John Roberts,#EAB308
75022,John Roberts,#EAB308
75023,John Roberts,#EAB308
75024,John Roberts,#EAB308
75025,John Roberts,#EAB308
75026,John Roberts,#EAB308
75028,John Roberts,#EAB308
75029,John Roberts,#EAB308
75030,John Roberts,#EAB308
75032,John Roberts,#EAB308
75033,John Roberts,#EAB308
75034,John Roberts,#EAB308
75035,John Roberts,#EAB308
75036,John Roberts,#EAB308
75037,John Roberts,#EAB308
75038,John Roberts,#EAB308
75039,John Roberts,#EAB308
75040,John Roberts,#EAB308
75041,John Roberts,#EAB308
75042,John Roberts,#EAB308
75043,John Roberts,#EAB308
75044,John Roberts,#EAB308
75045,John Roberts,#EAB308
75046,John Roberts,#EAB308
75047,John Roberts,#EAB308
75048,John Roberts,#EAB308
75049,John Roberts,#EAB308
75050,John Roberts,#EAB308
75051,John Roberts,#EAB308
75052,John Roberts,#EAB308
75053,John Roberts,#EAB308
75054,John Roberts,#EAB308
75056,John Roberts,#EAB308
75057,John Roberts,#EAB308
75060,John Roberts,#EAB308
75061,John Roberts,#EAB308
75062,John Roberts,#EAB308
75063,John Roberts,#EAB308
75064,John Roberts,#EAB308
75065,John Roberts,#EAB308
75067,John Roberts,#EAB308
75068,John Roberts,#EAB308
75069,John Roberts,#EAB308
75071,John Roberts,#EAB308
75072,John Roberts,#EAB308
75074,John Roberts,#EAB308
75075,John Roberts,#EAB308
75076,John Roberts,#EAB308
75077,John Roberts,#EAB308
75078,John Roberts,#EAB308
75080,John Roberts,#EAB308
75081,John Roberts,#EAB308
75082,John Roberts,#EAB308
75083,John Roberts,#EAB308
75084,John Roberts,#EAB308
75085,John Roberts,#EAB308
75086,John Roberts,#EAB308
75087,John Roberts,#EAB308
75088,John Roberts,#EAB308
75089,John Roberts,#EAB308
75090,John Roberts,#EAB308
75091,John Roberts,#EAB308
75092,John Roberts,#EAB308
75093,John Roberts,#EAB308
75094,John Roberts,#EAB308
75095,John Roberts,#EAB308
75096,John Roberts,#EAB308
75097,John Roberts,#EAB308
75098,John Roberts,#EAB308
75099,John Roberts,#EAB308
75104,John Roberts,#EAB308
75234,John Roberts,#EAB308
75418,John Roberts,#EAB308
75421,John Roberts,#EAB308
75428,John Roberts,#EAB308
75432,John Roberts,#EAB308
75433,John Roberts,#EAB308
75440,John Roberts,#EAB308
75448,John Roberts,#EAB308
75454,John Roberts,#EAB308
75462,John Roberts,#EAB308
75491,John Roberts,#EAB308
75494,John Roberts,#EAB308
75604,John Roberts,#EAB308
75756,John Roberts,#EAB308
75778,John Roberts,#EAB308
75833,John Roberts,#EAB308
75844,John Roberts,#EAB308
75851,John Roberts,#EAB308
75862,John Roberts,#EAB308
75954,John Roberts,#EAB308
76001,John Roberts,#EAB308
76031,John Roberts,#EAB308
76033,John Roberts,#EAB308
76036,John Roberts,#EAB308
76044,John Roberts,#EAB308
76050,John Roberts,#EAB308
76055,John Roberts,#EAB308
76059,John Roberts,#EAB308
76060,John Roberts,#EAB308
76064,John Roberts,#EAB308
76065,John Roberts,#EAB308
76066,John Roberts,#EAB308
76067,John Roberts,#EAB308
76071,John Roberts,#EAB308
76078,John Roberts,#EAB308
76084,John Roberts,#EAB308
76085,John Roberts,#EAB308
76087,John Roberts,#EAB308
76093,John Roberts,#EAB308
76118,John Roberts,#EAB308
76177,John Roberts,#EAB308
76180,John Roberts,#EAB308
76354,John Roberts,#EAB308
76360,John Roberts,#EAB308
76364,John Roberts,#EAB308
76373,John Roberts,#EAB308
76384,John Roberts,#EAB308
76452,John Roberts,#EAB308
76454,John Roberts,#EAB308
76455,John Roberts,#EAB308
76457,John Roberts,#EAB308
76464,John Roberts,#EAB308
76474,John Roberts,#EAB308
76476,John Roberts,#EAB308
76487,John Roberts,#EAB308
76525,John Roberts,#EAB308
76527,John Roberts,#EAB308
76531,John Roberts,#EAB308
76537,John Roberts,#EAB308
76556,John Roberts,#EAB308
76567,John Roberts,#EAB308
76574,John Roberts,#EAB308
76633,John Roberts,#EAB308
76636,John Roberts,#EAB308
76642,John Roberts,#EAB308
76643,John Roberts,#EAB308
76655,John Roberts,#EAB308
76657,John Roberts,#EAB308
76664,John Roberts,#EAB308
76670,John Roberts,#EAB308
76673,John Roberts,#EAB308
76682,John Roberts,#EAB308
76690,John Roberts,#EAB308
76706,John Roberts,#EAB308
76712,John Roberts,#EAB308
76823,John Roberts,#EAB308
76827,John Roberts,#EAB308
76852,John Roberts,#EAB308
76861,John Roberts,#EAB308
76862,John Roberts,#EAB308
76871,John Roberts,#EAB308
76873,John Roberts,#EAB308
76875,John Roberts,#EAB308
76877,John Roberts,#EAB308
76878,John Roberts,#EAB308
76932,John Roberts,#EAB308
76945,John Roberts,#EAB308
78615,John Roberts,#EAB308
78628,John Roberts,#EAB308
78634,John Roberts,#EAB308
78880,John Roberts,#EAB308
78942,John Roberts,#EAB308
78947,John Roberts,#EAB308
79091,John Roberts,#EAB308
79220,John Roberts,#EAB308
79229,John Roberts,#EAB308
79314,John Roberts,#EAB308
79346,John Roberts,#EAB308
79363,John Roberts,#EAB308
79371,John Roberts,#EAB308
79379,John Roberts,#EAB308
79382,John Roberts,#EAB308
79534,John Roberts,#EAB308
79535,John Roberts,#EAB308
79541,John Roberts,#EAB308
79543,John Roberts,#EAB308
79562,John Roberts,#EAB308
79602,John Roberts,#EAB308
79603,John Roberts,#EAB308
79754,John Roberts,#EAB308
79777,John Roberts,#EAB308
79904,John Roberts,#EAB308
79403,John Roberts,#EAB308
79061,John Roberts,#EAB308
79003,John Roberts,#EAB308
79057,John Roberts,#EAB308
79357,John Roberts,#EAB308
79343,John Roberts,#EAB308
79235,John Roberts,#EAB308
79231,John Roberts,#EAB308
79734,John Roberts,#EAB308
79855,John Roberts,#EAB308
79851,John Roberts,#EAB308
79849,John Roberts,#EAB308
79836,John Roberts,#EAB308
79907,John Roberts,#EAB308
79906,John Roberts,#EAB308
79908,John Roberts,#EAB308
79916,John Roberts,#EAB308
79918,John Roberts,#EAB308
79837,John Roberts,#EAB308
79847,John Roberts,#EAB308
75416,John Roberts,#EAB308
75486,John Roberts,#EAB308
75554,John Roberts,#EAB308
75551,John Roberts,#EAB308
75661,John Roberts,#EAB308
75773,John Roberts,#EAB308
75692,John Roberts,#EAB308
75640,John Roberts,#EAB308
75789,John Roberts,#EAB308
75930,John Roberts,#EAB308
75948,John Roberts,#EAB308
75931,John Roberts,#EAB308
78140,John Roberts,#EAB308
78881,John Roberts,#EAB308
78884,John Roberts,#EAB308
78879,John Roberts,#EAB308
76689,John Roberts,#EAB308
76648,John Roberts,#EAB308
76639,John Roberts,#EAB308
75645,John Roberts,#EAB308